Date,Volatility
2014-01-03,0.0257547633253523
2014-01-04,0.026315581482207
2014-01-05,0.033564511612809
2014-01-06,0.030028572200597
2014-01-07,0.0382065936676312
2014-01-08,0.0349765431679165
2014-01-09,0.0311440550423332
2014-01-10,0.0302729306679749
2014-01-11,0.0319020527385839
2014-01-12,0.0341684724446149
2014-01-13,0.0327268866056415
2014-01-14,0.0291698598415083
2014-01-15,0.0295932348470156
2014-01-16,0.0297771956544817
2014-01-17,0.0296381979576632
2014-01-18,0.028419729393486
2014-01-19,0.0294686607520677
2014-01-20,0.0269056148912646
2014-01-21,0.0241018334085002
2014-01-22,0.0216875914221648
2014-01-23,0.0202776972881705
2014-01-24,0.0236951291756674
2014-01-25,0.025135689792114
2014-01-26,0.0235867621155062
2014-01-27,0.0306892535673458
2014-01-28,0.0343899933957485
2014-01-29,0.030080540352705
2014-01-30,0.0265786084442785
2014-01-31,0.0233368521798637
2014-02-01,0.0218661984451369
2014-02-02,0.019421170945722
2014-02-03,0.0183347135796563
2014-02-04,0.0174418630474854
2014-02-05,0.0187091599704608
2014-02-06,0.0208664109363106
2014-02-07,0.0270266687824108
2014-02-08,0.0301967799550678
2014-02-09,0.0278304763538564
2014-02-10,0.0245911275660866
2014-02-11,0.0242956551640506
2014-02-12,0.025281090633649
2014-02-13,0.0302692135883578
2014-02-14,0.035761591648267
2014-02-15,0.0332495715515327
2014-02-16,0.0349255671890748
2014-02-17,0.0313867438476077
2014-02-18,0.0276271753713914
2014-02-19,0.0243689772679858
2014-02-20,0.0324968186552866
2014-02-21,0.0317812070215168
2014-02-22,0.0334602800354415
2014-02-23,0.0293395568690108
2014-02-24,0.036958369226783
2014-02-25,0.0332496080348147
2014-02-26,0.039035988224213
2014-02-27,0.0337483202965011
2014-02-28,0.0368494621173162
2014-03-01,0.0350980569074234
2014-03-02,0.0318160824579274
2014-03-03,0.040539416089067
2014-03-04,0.0348804893544642
2014-03-05,0.0299911025767639
2014-03-06,0.02566880088538
2014-03-07,0.030585181509885
2014-03-08,0.0282258721035065
2014-03-09,0.0287427580574386
2014-03-10,0.0274274061920658
2014-03-11,0.0248024703265788
2014-03-12,0.0219559248566225
2014-03-13,0.0211409234949607
2014-03-14,0.0222869769577771
2014-03-15,0.0213055050707753
2014-03-16,0.0193617000803725
2014-03-17,0.0199519041741157
2014-03-18,0.019667996948061
2014-03-19,0.0183547389787944
2014-03-20,0.0223069745122468
2014-03-21,0.0240133378840158
2014-03-22,0.0222099953593507
2014-03-23,0.0208975877798688
2014-03-24,0.0250237377463179
2014-03-25,0.0223514145895355
2014-03-26,0.0205559210830896
2014-03-27,0.030663591404816
2014-03-28,0.0308301407587322
2014-03-29,0.0288116856219167
2014-03-30,0.0332807458407775
2014-03-31,0.0294016744205537
2014-04-01,0.0324019108812437
2014-04-02,0.0375205486212447
2014-04-03,0.034853064184574
2014-04-04,0.0302292235943077
2014-04-05,0.0296374028045934
2014-04-06,0.0261921239173539
2014-04-07,0.025846939675385
2014-04-08,0.023521860269319
2014-04-09,0.02385734390813
2014-04-10,0.0335308883004992
2014-04-11,0.0410572292714924
2014-04-12,0.0354556553630922
2014-04-13,0.032313992168347
2014-04-14,0.0389368398471607
2014-04-15,0.0442249730557139
2014-04-16,0.0395703304199749
2014-04-17,0.0411301191332818
2014-04-18,0.0390934255099875
2014-04-19,0.0386854115116679
2014-04-20,0.0336323812927163
2014-04-21,0.0292474156012217
2014-04-22,0.0272877035887547
2014-04-23,0.0237609689694869
2014-04-24,0.0246158901785707
2014-04-25,0.030917409389421
2014-04-26,0.0284653136493176
2014-04-27,0.031036642440184
2014-04-28,0.0274945084275428
2014-04-29,0.0254896666609372
2014-04-30,0.0225169622992432
2014-05-01,0.0235605654775183
2014-05-02,0.0230825530450132
2014-05-03,0.0246902197566591
2014-05-04,0.0223407530599259
2014-05-05,0.0209226285040134
2014-05-06,0.0191429800155572
2014-05-07,0.0213516678850771
2014-05-08,0.0194651696892491
2014-05-09,0.0215767045536273
2014-05-10,0.020229488792674
2014-05-11,0.0237609154244018
2014-05-12,0.0215317363991248
2014-05-13,0.0196304599611752
2014-05-14,0.0192858257410675
2014-05-15,0.017799087994781
2014-05-16,0.0164973365684839
2014-05-17,0.0152612079124926
2014-05-18,0.014562139432253
2014-05-19,0.0137400277105812
2014-05-20,0.0216330906814124
2014-05-21,0.0196464302125689
2014-05-22,0.0262598604042696
2014-05-23,0.023308798476722
2014-05-24,0.0211092272857331
2014-05-25,0.028687166090739
2014-05-26,0.0273981601153644
2014-05-27,0.0262475464320862
2014-05-28,0.0238583092325946
2014-05-29,0.0229343964926053
2014-05-30,0.0299355097275507
2014-05-31,0.0270482096746555
2014-06-01,0.0237958401535917
2014-06-02,0.0283033397507204
2014-06-03,0.0260813235639977
2014-06-04,0.0289202617945544
2014-06-05,0.0287476917058246
2014-06-06,0.0271412387931669
2014-06-07,0.0248110121478837
2014-06-08,0.0220366611158585
2014-06-09,0.0213618623019425
2014-06-10,0.0193537332513934
2014-06-11,0.0219443490053604
2014-06-12,0.0276359024141334
2014-06-13,0.0249559488965208
2014-06-14,0.0271841562486628
2014-06-15,0.0270107727969762
2014-06-16,0.023986593063325
2014-06-17,0.0256068787465246
2014-06-18,0.0228233845322534
2014-06-19,0.0229092302745009
2014-06-20,0.0209992171426148
2014-06-21,0.0189457416895783
2014-06-22,0.0184390497120982
2014-06-23,0.0190213650422186
2014-06-24,0.0193928571908822
2014-06-25,0.021956737238424
2014-06-26,0.0241419973024265
2014-06-27,0.0259984479837063
2014-06-28,0.0240652133538749
2014-06-29,0.0224832303122229
2014-06-30,0.027816633407473
2014-07-01,0.0248734778139927
2014-07-02,0.0233121106717923
2014-07-03,0.0212866459347737
2014-07-04,0.0225588920748953
2014-07-05,0.0202561265293807
2014-07-06,0.0187367408468522
2014-07-07,0.0195744577526596
2014-07-08,0.0179465538899725
2014-07-09,0.01670295137259
2014-07-10,0.0162401858992697
2014-07-11,0.0191560427253186
2014-07-12,0.0176775618492984
2014-07-13,0.0174246725007099
2014-07-14,0.0182575457570098
2014-07-15,0.0170392377119428
2014-07-16,0.0166006463117876
2014-07-17,0.0168657733636359
2014-07-18,0.0166991406061533
2014-07-19,0.0156328166912909
2014-07-20,0.0150860482761638
2014-07-21,0.0146557037144062
2014-07-22,0.0139341273193639
2014-07-23,0.0132804551937733
2014-07-24,0.016479858299309
2014-07-25,0.0153674977743075
2014-07-26,0.0156504396722094
2014-07-27,0.0149761269467857
2014-07-28,0.0146369486312733
2014-07-29,0.0142244045016965
2014-07-30,0.018448120945427
2014-07-31,0.0215863903595622
2014-08-01,0.0227612777375404
2014-08-02,0.0215793834725741
2014-08-03,0.0197886495158491
2014-08-04,0.0179915141752031
2014-08-05,0.0174183243519923
2014-08-06,0.0160281934374448
2014-08-07,0.0153644058972509
2014-08-08,0.0146779106042436
2014-08-09,0.0138387301708164
2014-08-10,0.0131840527040974
2014-08-11,0.0163729879612049
2014-08-12,0.0160589680608939
2014-08-13,0.0199020060172465
2014-08-14,0.026963012665453
2014-08-15,0.024472353082954
2014-08-16,0.0275403813579404
2014-08-17,0.0303815968432894
2014-08-18,0.0337543247161723
2014-08-19,0.0338448557343397
2014-08-20,0.0360533133266703
2014-08-21,0.031877656441725
2014-08-22,0.0279709444858801
2014-08-23,0.0297196729532252
2014-08-24,0.0286536937457444
2014-08-25,0.0264291749844692
2014-08-26,0.0257530757805376
2014-08-27,0.022942065325009
2014-08-28,0.0209757522140173
2014-08-29,0.0190773742097127
2014-08-30,0.0191544845476696
2014-08-31,0.0237568254601978
2014-09-01,0.0218316617837218
2014-09-02,0.0195718025853532
2014-09-03,0.0176578501352861
2014-09-04,0.0209310061225775
2014-09-05,0.0218880225986787
2014-09-06,0.0199205068465005
2014-09-07,0.0182971468199445
2014-09-08,0.0194123694804822
2014-09-09,0.0185890887850273
2014-09-10,0.0178312091771651
2014-09-11,0.0164358986004699
2014-09-12,0.0157719725906336
2014-09-13,0.0154630583899093
2014-09-14,0.0147754783001208
2014-09-15,0.0143942489501668
2014-09-16,0.0159944369762837
2014-09-17,0.017117322553117
2014-09-18,0.0234439136342772
2014-09-19,0.030078664147411
2014-09-20,0.0318349375692223
2014-09-21,0.0308652676822191
2014-09-22,0.0271081544931197
2014-09-23,0.0337908110087286
2014-09-24,0.0335324788271215
2014-09-25,0.033267831158639
2014-09-26,0.0297400193023319
2014-09-27,0.0269356401538103
2014-09-28,0.0319004476016713
2014-09-29,0.0281360430083052
2014-09-30,0.0304671175365152
2014-10-01,0.028297952806024
2014-10-02,0.0283538834191842
2014-10-03,0.0302212799216688
2014-10-04,0.0354632296951818
2014-10-05,0.0325563012734365
2014-10-06,0.029320148027708
2014-10-07,0.0279979462834191
2014-10-08,0.0322395990848557
2014-10-09,0.0302942717015882
2014-10-10,0.0269912833112158
2014-10-11,0.0242660374985704
2014-10-12,0.0275933213573018
2014-10-13,0.0291552401997738
2014-10-14,0.0282357850422999
2014-10-15,0.0264977014843273
2014-10-16,0.0275891730481746
2014-10-17,0.0244721052742664
2014-10-18,0.0248135352597771
2014-10-19,0.0225013035165571
2014-10-20,0.022612459825913
2014-10-21,0.0212453020360401
2014-10-22,0.0203197606875929
2014-10-23,0.0262027635453987
2014-10-24,0.0231625945871565
2014-10-25,0.0253638068215247
2014-10-26,0.0250512006026717
2014-10-27,0.0229630199357695
2014-10-28,0.0219136275112435
2014-10-29,0.0273709011894746
2014-10-30,0.0283850682692215
2014-10-31,0.0275465829980656
2014-11-01,0.029323582190276
2014-11-02,0.0259360591030434
2014-11-03,0.0229847581875756
2014-11-04,0.0218291557529003
2014-11-05,0.0234168328316249
2014-11-06,0.0252243322756688
2014-11-07,0.0251202093049271
2014-11-08,0.0233045756850821
2014-11-09,0.0274264666750271
2014-11-10,0.0245289975796646
2014-11-11,0.0221248123573075
2014-11-12,0.031453970955064
2014-11-13,0.027119635953291
2014-11-14,0.0316854985913532
2014-11-15,0.0342954593776587
2014-11-16,0.0335427292944008
2014-11-17,0.0295860005818383
2014-11-18,0.0306170291286593
2014-11-19,0.0275003231106714
2014-11-20,0.0317104418831691
2014-11-21,0.0291225535154803
2014-11-22,0.0256917370734999
2014-11-23,0.0286184268916523
2014-11-24,0.0281766867291234
2014-11-25,0.0248631736730328
2014-11-26,0.0253258531315564
2014-11-27,0.0227490469265941
2014-11-28,0.0232991988081141
2014-11-29,0.0210799724136655
2014-11-30,0.0194413197879524
2014-12-01,0.0176089308559845
2014-12-02,0.0171297796904712
2014-12-03,0.0182655693450297
2014-12-04,0.0192398105227824
2014-12-05,0.0210535087044176
2014-12-06,0.0198515985324141
2014-12-07,0.018291354815325
2014-12-08,0.0218302621110938
2014-12-09,0.0242951515447992
2014-12-10,0.0224924014382572
2014-12-11,0.0202614315336372
2014-12-12,0.0197691368127392
2014-12-13,0.0190951050127788
2014-12-14,0.0199543612255909
2014-12-15,0.0216048566179059
2014-12-16,0.0263512030078181
2014-12-17,0.0265730745657105
2014-12-18,0.0260989966889678
2014-12-19,0.0247391394047867
2014-12-20,0.0268776313061986
2014-12-21,0.027303692996902
2014-12-22,0.0283786505250061
2014-12-23,0.0262476498898476
2014-12-24,0.0284552241863075
2014-12-25,0.0262553913170374
2014-12-26,0.0273867223595701
2014-12-27,0.0294771643868906
2014-12-28,0.0261623958805577
2014-12-29,0.0242995398265708
2014-12-30,0.0222001254961303
2014-12-31,0.0244676670098983
2015-01-01,0.0239905360047314
2015-01-02,0.0598724915318428
2015-01-03,0.0856593366527465
2015-01-04,0.0882139809971176
2015-01-05,0.0781277714346463
2015-01-06,0.071115566795011
2015-01-07,0.0633194225922981
2015-01-08,0.0596907754755317
2015-01-09,0.0538827708895485
2015-01-10,0.0541332718507515
2015-01-11,0.0501108793816585
2015-01-12,0.045349618491018
2015-01-13,0.0600315833287101
2015-01-14,0.0860332103853635
2015-01-15,0.1012927311778457
2015-01-16,0.0912174620081617
2015-01-17,0.0841642194879136
2015-01-18,0.0813055005205849
2015-01-19,0.0725924481870253
2015-01-20,0.06352029024436
2015-01-21,0.0667772060912743
2015-01-22,0.0590758854394474
2015-01-23,0.0508258773949892
2015-01-24,0.0537706282951198
2015-01-25,0.0492414173856268
2015-01-26,0.0526376546310785
2015-01-27,0.0500854810735732
2015-01-28,0.0587127492447934
2015-01-29,0.0517438612619009
2015-01-30,0.0480227787714188
2015-01-31,0.0488428677321771
2015-02-01,0.048482740328686
2015-02-02,0.0492618843016434
2015-02-03,0.0495142407542591
2015-02-04,0.0463025801035351
2015-02-05,0.0467189205860093
2015-02-06,0.0455574698432797
2015-02-07,0.0447100056988555
2015-02-08,0.0433825838353336
2015-02-09,0.0412044316992836
2015-02-10,0.037006061837251
2015-02-11,0.0322696982122596
2015-02-12,0.0291114434489634
2015-02-13,0.0369461107003485
2015-02-14,0.0460357529781725
2015-02-15,0.052956404013994
2015-02-16,0.047272118048644
2015-02-17,0.0465598352914503
2015-02-18,0.0456839798942825
2015-02-19,0.0442075505367441
2015-02-20,0.0417506301653584
2015-02-21,0.0374771896477001
2015-02-22,0.0393115436788241
2015-02-23,0.0352640978076804
2015-02-24,0.0302600855890474
2015-02-25,0.0261817275938047
2015-02-26,0.0228231391112936
2015-02-27,0.0321120124999965
2015-02-28,0.0270592829509308
2015-03-01,0.0264116906646502
2015-03-02,0.0330905220092393
2015-03-03,0.0315226496125348
2015-03-04,0.032737985607126
2015-03-05,0.0288227363306251
2015-03-06,0.0258618121898752
2015-03-07,0.0238651343452402
2015-03-08,0.0219835026381625
2015-03-09,0.0264273153245443
2015-03-10,0.023894896992668
2015-03-11,0.0229597665317384
2015-03-12,0.0214685238643852
2015-03-13,0.0233752302248654
2015-03-14,0.022088584737315
2015-03-15,0.0216180053133498
2015-03-16,0.0214396490821714
2015-03-17,0.0219418054396851
2015-03-18,0.0308176797459161
2015-03-19,0.0285018074161788
2015-03-20,0.0249777589369469
2015-03-21,0.0228448519471858
2015-03-22,0.0239565933371354
2015-03-23,0.0224177094676923
2015-03-24,0.0297481554800583
2015-03-25,0.0257230260772698
2015-03-26,0.0237318784386204
2015-03-27,0.0221925991452771
2015-03-28,0.022732219800759
2015-03-29,0.0254006882884252
2015-03-30,0.0248937829733942
2015-03-31,0.0236437436924909
2015-04-01,0.0224573511899622
2015-04-02,0.0230667603326472
2015-04-03,0.0218506741789889
2015-04-04,0.0208892648837438
2015-04-05,0.0221729805822487
2015-04-06,0.0221662639225809
2015-04-07,0.0212823557985667
2015-04-08,0.0232116584639023
2015-04-09,0.022047388836876
2015-04-10,0.0235775165341581
2015-04-11,0.0222037200140604
2015-04-12,0.0210506898906138
2015-04-13,0.0247077675012958
2015-04-14,0.0249329251423174
2015-04-15,0.0238041095662282
2015-04-16,0.0237858623608225
2015-04-17,0.0240537322434164
2015-04-18,0.0223785688833732
2015-04-19,0.0211851797012048
2015-04-20,0.0204122812343639
2015-04-21,0.0235278275571777
2015-04-22,0.0218910645656986
2015-04-23,0.0210081646045515
2015-04-24,0.0214460752368682
2015-04-25,0.0219978693951551
2015-04-26,0.0228098456956803
2015-04-27,0.0238703335421884
2015-04-28,0.0224664567308051
2015-04-29,0.0212807447736429
2015-04-30,0.0243681705933075
2015-05-01,0.0233258539555562
2015-05-02,0.0223636431267705
2015-05-03,0.0224854796182582
2015-05-04,0.0215164071717672
2015-05-05,0.0212292457375066
2015-05-06,0.0223545681820644
2015-05-07,0.0237276651522741
2015-05-08,0.0246344178712541
2015-05-09,0.0228648365716801
2015-05-10,0.0218150945624078
2015-05-11,0.0209410291315411
2015-05-12,0.0197484756558273
2015-05-13,0.0210955522276727
2015-05-14,0.0197369851174668
2015-05-15,0.0180466651896106
2015-05-16,0.016724211761991
2015-05-17,0.0148854140365263
2015-05-18,0.0161941839537037
2015-05-19,0.0141550036626614
2015-05-20,0.0134626939194328
2015-05-21,0.0122168649603284
2015-05-22,0.0140204522514974
2015-05-23,0.0125858483208133
2015-05-24,0.0117770121462263
2015-05-25,0.0125555449577687
2015-05-26,0.011228911788927
2015-05-27,0.0104580690862087
2015-05-28,0.0099729034609848
2015-05-29,0.0095969221065056
2015-05-30,0.0106597890705098
2015-05-31,0.0113117010787515
2015-06-01,0.0141423985236049
2015-06-02,0.0132926969711423
2015-06-03,0.0116916923662171
2015-06-04,0.0111658511630308
2015-06-05,0.0106195047028299
2015-06-06,0.0101189007729546
2015-06-07,0.0101514919817249
2015-06-08,0.0119826379935959
2015-06-09,0.0109395627608605
2015-06-10,0.010355489938032
2015-06-11,0.0100548441591406
2015-06-12,0.0096964635392581
2015-06-13,0.0104216885727379
2015-06-14,0.009962379509187
2015-06-15,0.0111400854223266
2015-06-16,0.0173300804382558
2015-06-17,0.0170583455531965
2015-06-18,0.0147852192623561
2015-06-19,0.0157549781809405
2015-06-20,0.013670857832551
2015-06-21,0.0122835178625098
2015-06-22,0.0121621866483033
2015-06-23,0.0121371472416033
2015-06-24,0.012854728167415
2015-06-25,0.0120624934579316
2015-06-26,0.0109914918599221
2015-06-27,0.0147192538723672
2015-06-28,0.0139176956139876
2015-06-29,0.0175092225571789
2015-06-30,0.0198825011675833
2015-07-01,0.0206639900337563
2015-07-02,0.0201090998257335
2015-07-03,0.018698267360318
2015-07-04,0.0191690601641567
2015-07-05,0.0216000530136213
2015-07-06,0.0204295555154483
2015-07-07,0.0196471332742353
2015-07-08,0.0196767880116541
2015-07-09,0.0181477680184395
2015-07-10,0.0222205226444746
2015-07-11,0.0228967145480412
2015-07-12,0.0271096233123289
2015-07-13,0.0334155858209053
2015-07-14,0.0303742440429277
2015-07-15,0.0260764325302825
2015-07-16,0.0260741050082932
2015-07-17,0.0229415525624926
2015-07-18,0.0211401655678207
2015-07-19,0.0195005562931866
2015-07-20,0.0192109166971591
2015-07-21,0.018131204694996
2015-07-22,0.0162079303834216
2015-07-23,0.0141845884549847
2015-07-24,0.0193848469202189
2015-07-25,0.0168804152407952
2015-07-26,0.0167108463927389
2015-07-27,0.0146259755414561
2015-07-28,0.0127820648175501
2015-07-29,0.0143378522254109
2015-07-30,0.0128499627831044
2015-07-31,0.0129770256079344
2015-08-01,0.0125985251279915
2015-08-02,0.0113263025034943
2015-08-03,0.0104778505643001
2015-08-04,0.0106941594532816
2015-08-05,0.0107875254934609
2015-08-06,0.0110359598435027
2015-08-07,0.0103768527313644
2015-08-08,0.0162323365180595
2015-08-09,0.0172906788739628
2015-08-10,0.0151000605630852
2015-08-11,0.0175841929190646
2015-08-12,0.0170889008321051
2015-08-13,0.016890323879702
2015-08-14,0.0152382435619383
2015-08-15,0.0161384322946881
2015-08-16,0.0157092193023817
2015-08-17,0.0137504136511566
2015-08-18,0.0243110745176352
2015-08-19,0.0281879448453208
2015-08-20,0.0299612351122811
2015-08-21,0.0264243653478123
2015-08-22,0.023491482334584
2015-08-23,0.0213306091062108
2015-08-24,0.0280483356884882
2015-08-25,0.0324373392730846
2015-08-26,0.0292019186116074
2015-08-27,0.0250636974516571
2015-08-28,0.0262205300938351
2015-08-29,0.0235763322326688
2015-08-30,0.0210573797437572
2015-08-31,0.0193632855688985
2015-09-01,0.0187380785042393
2015-09-02,0.0172255847492162
2015-09-03,0.0165147536060221
2015-09-04,0.0175191864185297
2015-09-05,0.018775683416834
2015-09-06,0.0197203114840085
2015-09-07,0.0178989623136707
2015-09-08,0.018089475654106
2015-09-09,0.0195102414356654
2015-09-10,0.0176427489057057
2015-09-11,0.0165909533661574
2015-09-12,0.0178076642482449
2015-09-13,0.0196200894133974
2015-09-14,0.0177512737462794
2015-09-15,0.0156290657337051
2015-09-16,0.0140246824582965
2015-09-17,0.0153607991476985
2015-09-18,0.013211883394026
2015-09-19,0.0117967261254077
2015-09-20,0.0108175740249438
2015-09-21,0.0124213037427303
2015-09-22,0.0134543552246646
2015-09-23,0.0118456137661293
2015-09-24,0.0131031050320403
2015-09-25,0.0118708164490727
2015-09-26,0.0109459518695543
2015-09-27,0.0105069168395866
2015-09-28,0.0131696598788341
2015-09-29,0.0129121149209094
2015-09-30,0.0115078120220999
2015-10-01,0.0109079492100554
2015-10-02,0.0102473464169986
2015-10-03,0.0102039939048514
2015-10-04,0.0098090906809885
2015-10-05,0.0097860219872016
2015-10-06,0.0116918694052441
2015-10-07,0.0120022341225268
2015-10-08,0.0109577409035556
2015-10-09,0.0105174642885422
2015-10-10,0.010272559614039
2015-10-11,0.0104701083579315
2015-10-12,0.0105570760421131
2015-10-13,0.0115867686812155
2015-10-14,0.0114984363510242
2015-10-15,0.0108962004073985
2015-10-16,0.014057723704502
2015-10-17,0.0182651522165342
2015-10-18,0.020872533050121
2015-10-19,0.0188104680601334
2015-10-20,0.0201956266295821
2015-10-21,0.0193473229422129
2015-10-22,0.0207094832482609
2015-10-23,0.0200846256836514
2015-10-24,0.0202758357167693
2015-10-25,0.0194597929843402
2015-10-26,0.0178401727818918
2015-10-27,0.020109462065294
2015-10-28,0.0212994239212101
2015-10-29,0.0223609188619682
2015-10-30,0.024231945119022
2015-10-31,0.026908909213311
2015-11-01,0.0309054482441438
2015-11-02,0.040685975146444
2015-11-03,0.0460548852251394
2015-11-04,0.0426173059965439
2015-11-05,0.0441845807834796
2015-11-06,0.0432527758178758
2015-11-07,0.0430889189284056
2015-11-08,0.0431175092354123
2015-11-09,0.0417310280598945
2015-11-10,0.0457422267555142
2015-11-11,0.047726734675795
2015-11-12,0.0499791769345226
2015-11-13,0.0456811166145301
2015-11-14,0.0424057246002001
2015-11-15,0.0429019165342619
2015-11-16,0.0426883411302375
2015-11-17,0.0401641106015108
2015-11-18,0.0357201578709983
2015-11-19,0.0357043242109555
2015-11-20,0.0321485090395657
2015-11-21,0.0286383730704912
2015-11-22,0.0249874108496997
2015-11-23,0.0218309933298089
2015-11-24,0.0202430165309857
2015-11-25,0.0220945099015019
2015-11-26,0.0298021161106501
2015-11-27,0.0261414842361789
2015-11-28,0.0234255337999352
2015-11-29,0.0264313297680037
2015-11-30,0.0246372942358861
2015-12-01,0.0271737353611115
2015-12-02,0.0244850704561052
2015-12-03,0.022394491892419
2015-12-04,0.020885911411475
2015-12-05,0.0268172519420587
2015-12-06,0.0242490581487507
2015-12-07,0.0220777269397854
2015-12-08,0.0254668078739745
2015-12-09,0.0233087555584066
2015-12-10,0.0215022241352431
2015-12-11,0.0292697402201444
2015-12-12,0.0320451897581564
2015-12-13,0.0274688896059872
2015-12-14,0.0261086702143803
2015-12-15,0.030247566661704
2015-12-16,0.0290185106221683
2015-12-17,0.0253365812547802
2015-12-18,0.0238368613261147
2015-12-19,0.0217682709325359
2015-12-20,0.0247075784654562
2015-12-21,0.0229232693360364
2015-12-22,0.0213503662468703
2015-12-23,0.0213294188429063
2015-12-24,0.0225365708832054
2015-12-25,0.0211083741544038
2015-12-26,0.0279989470931643
2015-12-27,0.0251256298631148
2015-12-28,0.0225958465287944
2015-12-29,0.0230326398198199
2015-12-30,0.0220321200943377
2015-12-31,0.0210303902817575
2016-01-01,0.0205615700070581
2016-01-02,0.0285673504599595
2016-01-03,0.0199443188044979
2016-01-04,0.0146507624515292
2016-01-05,0.0099037619927193
2016-01-06,0.0083412002959167
2016-01-07,0.0160575621022548
2016-01-08,0.0150056087798312
2016-01-09,0.0139331249942486
2016-01-10,0.0113927558807923
2016-01-11,0.0089417017933092
2016-01-12,0.011169535297703
2016-01-13,0.0136652002571755
2016-01-14,0.0123387703464293
2016-01-15,0.0200089645136202
2016-01-16,0.0265017401065386
2016-01-17,0.0238264512824451
2016-01-18,0.0195401314826118
2016-01-19,0.0192886624736638
2016-01-20,0.02824046626695
2016-01-21,0.0287865074285352
2016-01-22,0.0338175449387335
2016-01-23,0.030686658156649
2016-01-24,0.0325324121651429
2016-01-25,0.0322174237237154
2016-01-26,0.0283142084365499
2016-01-27,0.0249713691980354
2016-01-28,0.0286898105574437
2016-01-29,0.0239886266542561
2016-01-30,0.0196617174015256
2016-01-31,0.0228118614475894
2016-02-01,0.0210974686538496
2016-02-02,0.0177375110006344
2016-02-03,0.0171390061099724
2016-02-04,0.0234191936684803
2016-02-05,0.0216086550913325
2016-02-06,0.0231839757711443
2016-02-07,0.019015374230809
2016-02-08,0.0177354474953353
2016-02-09,0.0160167940875009
2016-02-10,0.0162418089154426
2016-02-11,0.0146646839530618
2016-02-12,0.0149212978675128
2016-02-13,0.0160679957143231
2016-02-14,0.0203015731201778
2016-02-15,0.019903587922514
2016-02-16,0.020097523578325
2016-02-17,0.0204771797350886
2016-02-18,0.0193855185242251
2016-02-19,0.0166925484644969
2016-02-20,0.0219393189600696
2016-02-21,0.0182138841174861
2016-02-22,0.0154003990488589
2016-02-23,0.0202074950114589
2016-02-24,0.0180556175566172
2016-02-25,0.0152326513441337
2016-02-26,0.0163138083875617
2016-02-27,0.0143358891329681
2016-02-28,0.0123162405841494
2016-02-29,0.0128892111843928
2016-03-01,0.0134565853160806
2016-03-02,0.0157018289899516
2016-03-03,0.0149772582556863
2016-03-04,0.0173288938126712
2016-03-05,0.0192981593835337
2016-03-06,0.0187851323831225
2016-03-07,0.0199750049343535
2016-03-08,0.0170656912203666
2016-03-09,0.0148191424873479
2016-03-10,0.0143689606342077
2016-03-11,0.0137905265512779
2016-03-12,0.0157425190788196
2016-03-13,0.0141507372116902
2016-03-14,0.0136636657141389
2016-03-15,0.0118799662597894
2016-03-16,0.0106402289280897
2016-03-17,0.0093594874773639
2016-03-18,0.0128094832681314
2016-03-19,0.010374502810104
2016-03-20,0.0100085939621942
2016-03-21,0.0082698289517727
2016-03-22,0.0095530788254931
2016-03-23,0.0080554651096098
2016-03-24,0.0086160380072149
2016-03-25,0.0084475611287569
2016-03-26,0.0072909238467322
2016-03-27,0.0099049233742835
2016-03-28,0.0092135059086315
2016-03-29,0.0112511493420415
2016-03-30,0.0108139818442359
2016-03-31,0.0105431501312735
2016-04-01,0.0090727481106597
2016-04-02,0.0086520827969882
2016-04-03,0.0073948288522817
2016-04-04,0.0066151503393929
2016-04-05,0.0070046048196629
2016-04-06,0.0064132844713495
2016-04-07,0.0059132140981835
2016-04-08,0.0064855678239795
2016-04-09,0.0058449990786682
2016-04-10,0.0065931451268102
2016-04-11,0.0062935929773954
2016-04-12,0.0072311963385549
2016-04-13,0.0072246900991488
2016-04-14,0.0066439071899469
2016-04-15,0.0077238618796989
2016-04-16,0.0071058297536954
2016-04-17,0.0072444472450581
2016-04-18,0.0065446681010772
2016-04-19,0.0086327748167735
2016-04-20,0.0096142940551159
2016-04-21,0.0121064385948777
2016-04-22,0.0119225028369836
2016-04-23,0.0126023643705442
2016-04-24,0.013984081278113
2016-04-25,0.0126646089073963
2016-04-26,0.0125334424070376
2016-04-27,0.0160194079360378
2016-04-28,0.015222662932503
2016-04-29,0.0148682102672881
2016-04-30,0.0149242955677583
2016-05-01,0.0144574140947819
2016-05-02,0.0152796608816111
2016-05-03,0.0151011944375552
2016-05-04,0.0141129384559926
2016-05-05,0.0126370218083252
2016-05-06,0.0145790051444525
2016-05-07,0.0127246036926477
2016-05-08,0.0107116892785643
2016-05-09,0.0095848294193381
2016-05-10,0.0127871348249369
2016-05-11,0.0117722411855853
2016-05-12,0.0102906736139688
2016-05-13,0.0089763960761291
2016-05-14,0.0076756278414717
2016-05-15,0.0075506157029195
2016-05-16,0.0087879992934465
2016-05-17,0.0078637255395447
2016-05-18,0.0070193717762979
2016-05-19,0.0108427138283178
2016-05-20,0.0112088681176683
2016-05-21,0.0096854839429902
2016-05-22,0.0096173957550745
2016-05-23,0.0096537307534548
2016-05-24,0.0084232696434123
2016-05-25,0.0092841575519045
2016-05-26,0.0094633109381872
2016-05-27,0.0133523150320944
2016-05-28,0.0202329883146093
2016-05-29,0.0167964212776313
2016-05-30,0.0156163529986791
2016-05-31,0.0135459637567675
2016-06-01,0.013695843485962
2016-06-02,0.0118302169716483
2016-06-03,0.016311301508588
2016-06-04,0.0145198927470915
2016-06-05,0.0122131614191569
2016-06-06,0.0137270007717337
2016-06-07,0.013865074689928
2016-06-08,0.0132522400940201
2016-06-09,0.0132203954531255
2016-06-10,0.0121565853548649
2016-06-11,0.0154427466611972
2016-06-12,0.02207425578943
2016-06-13,0.0269812852631353
2016-06-14,0.0278884570151374
2016-06-15,0.0258310727617767
2016-06-16,0.0315269837612069
2016-06-17,0.030649748517335
2016-06-18,0.0279451594409396
2016-06-19,0.0252001687886809
2016-06-20,0.0297920785370472
2016-06-21,0.0327546397661013
2016-06-22,0.0365944675328658
2016-06-23,0.0372452153851244
2016-06-24,0.0382650361205335
2016-06-25,0.0330117166491552
2016-06-26,0.0353556801345779
2016-06-27,0.0344485500783653
2016-06-28,0.0306733631869008
2016-06-29,0.0282272602999244
2016-06-30,0.031466784730737
2016-07-01,0.027743904653012
2016-07-02,0.0298248189610817
2016-07-03,0.032304507577998
2016-07-04,0.0316925395892257
2016-07-05,0.0303328155943821
2016-07-06,0.0285346283346187
2016-07-07,0.031477462643491
2016-07-08,0.0320848818054221
2016-07-09,0.0310247342177993
2016-07-10,0.0275455701163627
2016-07-11,0.0228054122299034
2016-07-12,0.0255191661792863
2016-07-13,0.0247264014305511
2016-07-14,0.0205743569120532
2016-07-15,0.0182235685354673
2016-07-16,0.0153242844205044
2016-07-17,0.0175078411625086
2016-07-18,0.0161523597510034
2016-07-19,0.0140915388397226
2016-07-20,0.0142859353374368
2016-07-21,0.0124909560000276
2016-07-22,0.015470139496648
2016-07-23,0.0150690473126928
2016-07-24,0.0140343666872286
2016-07-25,0.0139704930037319
2016-07-26,0.0122736966951861
2016-07-27,0.0106199650937592
2016-07-28,0.0087268632499735
2016-07-29,0.0074411830061616
2016-07-30,0.0068449834791797
2016-07-31,0.0120961201889026
2016-08-01,0.016356679329466
2016-08-02,0.0258471528221025
2016-08-03,0.032295153957906
2016-08-04,0.030964591707834
2016-08-05,0.0262805465553013
2016-08-06,0.0248814532048199
2016-08-07,0.0209582623458254
2016-08-08,0.0173784333327597
2016-08-09,0.0150645930948012
2016-08-10,0.0127705103437712
2016-08-11,0.0104106478597312
2016-08-12,0.0091314857645665
2016-08-13,0.00796947115147
2016-08-14,0.0114043000866027
2016-08-15,0.0111650287577317
2016-08-16,0.0136290144783229
2016-08-17,0.0130057114847787
2016-08-18,0.0109277802437117
2016-08-19,0.0090375584424266
2016-08-20,0.0106168609762464
2016-08-21,0.0088466646025654
2016-08-22,0.0087675088893005
2016-08-23,0.0079245061688842
2016-08-24,0.0079135249405466
2016-08-25,0.0074610558999228
2016-08-26,0.0072137023465111
2016-08-27,0.0089412318572385
2016-08-28,0.0091654450397048
2016-08-29,0.008005008825101
2016-08-30,0.0073988379154994
2016-08-31,0.0073529646591343
2016-09-01,0.0066630219200411
2016-09-02,0.0071877227534679
2016-09-03,0.0111869572020037
2016-09-04,0.0128286696107579
2016-09-05,0.0113619793594169
2016-09-06,0.0113169915526575
2016-09-07,0.010049219682535
2016-09-08,0.0127815795122698
2016-09-09,0.0131079776630299
2016-09-10,0.0114645889347096
2016-09-11,0.0139856708732522
2016-09-12,0.0119445178198411
2016-09-13,0.0100009571043884
2016-09-14,0.0082355310747613
2016-09-15,0.007474257264494
2016-09-16,0.00648987906116
2016-09-17,0.0056539535897269
2016-09-18,0.0063652084284285
2016-09-19,0.0063433879989746
2016-09-20,0.005656405342552
2016-09-21,0.0081676462411747
2016-09-22,0.0070583357846518
2016-09-23,0.0082691564348569
2016-09-24,0.0069869913294506
2016-09-25,0.0065589082275233
2016-09-26,0.0075384811961051
2016-09-27,0.0068350276468564
2016-09-28,0.0061386739532805
2016-09-29,0.0055073885679714
2016-09-30,0.0060682619817589
2016-10-01,0.0072375119000771
2016-10-02,0.0072090824490542
2016-10-03,0.0064554341900471
2016-10-04,0.0063807975490881
2016-10-05,0.0062269794093792
2016-10-06,0.0056750435746084
2016-10-07,0.006790341567575
2016-10-08,0.0062262357580125
2016-10-09,0.0060775490978728
2016-10-10,0.005575688463613
2016-10-11,0.0092455405091512
2016-10-12,0.0097540096611035
2016-10-13,0.0080471516601602
2016-10-14,0.0078958394642788
2016-10-15,0.007167567916869
2016-10-16,0.0076801298103936
2016-10-17,0.0074717156869764
2016-10-18,0.0072637652025952
2016-10-19,0.0078375445997062
2016-10-20,0.0069038169884366
2016-10-21,0.0065777581983877
2016-10-22,0.0100655695711804
2016-10-23,0.0086483192436371
2016-10-24,0.007515591763342
2016-10-25,0.0079780757887932
2016-10-26,0.0113719579092237
2016-10-27,0.0128752652781393
2016-10-28,0.0116748485428325
2016-10-29,0.0148449817854307
2016-10-30,0.0159911247268478
2016-10-31,0.0135884997501843
2016-11-01,0.0171776226974124
2016-11-02,0.0162761677082544
2016-11-03,0.022025204275062
2016-11-04,0.022334186858876
2016-11-05,0.017825896357868
2016-11-06,0.0167612720507998
2016-11-07,0.0161392847085937
2016-11-08,0.0147073524327344
2016-11-09,0.0146585848664742
2016-11-10,0.0143273911247134
2016-11-11,0.0129090789606089
2016-11-12,0.01386813734749
2016-11-13,0.0121651400139913
2016-11-14,0.0105799226821468
2016-11-15,0.0109095160665284
2016-11-16,0.0148012478943424
2016-11-17,0.0139568211099852
2016-11-18,0.0149296781638512
2016-11-19,0.0130702640632469
2016-11-20,0.0152590185507626
2016-11-21,0.0142699192045026
2016-11-22,0.0146037569808553
2016-11-23,0.0140226552704652
2016-11-24,0.0130328876896372
2016-11-25,0.0116465556152642
2016-11-26,0.0111476235136042
2016-11-27,0.011378502314522
2016-11-28,0.009908175834796
2016-11-29,0.0084134432767164
2016-11-30,0.0100805910276132
2016-12-01,0.0117025132251249
2016-12-02,0.0140106200517417
2016-12-03,0.0132781260199682
2016-12-04,0.011345965423453
2016-12-05,0.0130489955638036
2016-12-06,0.0126918792400053
2016-12-07,0.0122617291358491
2016-12-08,0.0108552637785616
2016-12-09,0.010025415328797
2016-12-10,0.0090491352596948
2016-12-11,0.0087192364927484
2016-12-12,0.0094347107453666
2016-12-13,0.0079086631543835
2016-12-14,0.0070781663275709
2016-12-15,0.0063814166915958
2016-12-16,0.0069644759849673
2016-12-17,0.0076779232780159
2016-12-18,0.0068256517053194
2016-12-19,0.0061958631336017
2016-12-20,0.007507261103232
2016-12-21,0.011324218459796
2016-12-22,0.015107203843351
2016-12-23,0.0209149327796245
2016-12-24,0.02252934361499
2016-12-25,0.0185337487683485
2016-12-26,0.0161185134068958
2016-12-27,0.0177431157060704
2016-12-28,0.0232335868746949
2016-12-29,0.019413627479362
2016-12-30,0.0179194755732783
2016-12-31,0.0158479055105459
2017-01-01,0.0179839552518183
2017-01-02,0.0511613948564488
2017-01-03,0.0433345234650185
2017-01-04,0.0628092082313386
2017-01-05,0.0776337276114709
2017-01-06,0.0832333938914213
2017-01-07,0.0743465450033902
2017-01-08,0.0653511311272511
2017-01-09,0.056710241251212
2017-01-10,0.0484807201587246
2017-01-11,0.0764610984540186
2017-01-12,0.0691685202428357
2017-01-13,0.0623355800150816
2017-01-14,0.0546786550366685
2017-01-15,0.0474899462545451
2017-01-16,0.0413060486024185
2017-01-17,0.0571600370954385
2017-01-18,0.0531903190330216
2017-01-19,0.0492130576626333
2017-01-20,0.0441578036504067
2017-01-21,0.0432445421939919
2017-01-22,0.0388407794471644
2017-01-23,0.034925008057147
2017-01-24,0.0368582023832104
2017-01-25,0.0339504296419529
2017-01-26,0.0334437536880507
2017-01-27,0.0308077487125002
2017-01-28,0.0284350741378315
2017-01-29,0.0266839873277137
2017-01-30,0.0250504402740466
2017-01-31,0.0345926384149191
2017-02-01,0.0336489672412377
2017-02-02,0.0329011734917586
2017-02-03,0.0308042409785319
2017-02-04,0.0301214916516389
2017-02-05,0.0296788227661361
2017-02-06,0.0280368732484894
2017-02-07,0.0301696955338291
2017-02-08,0.0282162924221695
2017-02-09,0.0417164354546849
2017-02-10,0.0392471347481961
2017-02-11,0.0369264634100553
2017-02-12,0.0339938966676879
2017-02-13,0.031319519037356
2017-02-14,0.0294986908705221
2017-02-15,0.0271938163256562
2017-02-16,0.0279046899754809
2017-02-17,0.0282106083081172
2017-02-18,0.0263658057181711
2017-02-19,0.0247561613939503
2017-02-20,0.0273369606194089
2017-02-21,0.0314266014478021
2017-02-22,0.0294483357727101
2017-02-23,0.0369912918980391
2017-02-24,0.0344039438968363
2017-02-25,0.0350634839946011
2017-02-26,0.0349692947160751
2017-02-27,0.0327876727409192
2017-02-28,0.0304174877612665
2017-03-01,0.0329621913379577
2017-03-02,0.0336258612811692
2017-03-03,0.0329165486617179
2017-03-04,0.0316191900742428
2017-03-05,0.0295149943218725
2017-03-06,0.0275764801687898
2017-03-07,0.0321717574180218
2017-03-08,0.0438449106192828
2017-03-09,0.0436903583564442
2017-03-10,0.0542853480653984
2017-03-11,0.0579266958971098
2017-03-12,0.0565718380577882
2017-03-13,0.0511973250043989
2017-03-14,0.0458853806275391
2017-03-15,0.0411121249669148
2017-03-16,0.0500292722896323
2017-03-17,0.0613707761117988
2017-03-18,0.0707871106444996
2017-03-19,0.0685651711022745
2017-03-20,0.0617893794061882
2017-03-21,0.0642096375214748
2017-03-22,0.0656661199396604
2017-03-23,0.0587944403669523
2017-03-24,0.0679342439450918
2017-03-25,0.0630612174267668
2017-03-26,0.0561201955194076
2017-03-27,0.0629553103320272
2017-03-28,0.0563348585422907
2017-03-29,0.0499904507935755
2017-03-30,0.0439404942456745
2017-03-31,0.0453258818034507
2017-04-01,0.0407074346224834
2017-04-02,0.0373522639025678
2017-04-03,0.0386231843576343
2017-04-04,0.0351101576341814
2017-04-05,0.0320891230699798
2017-04-06,0.0391117781322678
2017-04-07,0.0359920669945431
2017-04-08,0.0331895241704428
2017-04-09,0.0331275544916011
2017-04-10,0.0305429905101022
2017-04-11,0.0293143622472863
2017-04-12,0.0278333194812605
2017-04-13,0.0319743887784375
2017-04-14,0.0298115336074618
2017-04-15,0.0278104173994328
2017-04-16,0.0260263422471939
2017-04-17,0.0257059679473809
2017-04-18,0.0246141770892518
2017-04-19,0.0235172934487956
2017-04-20,0.0247952564484517
2017-04-21,0.0239774468208068
2017-04-22,0.0228852604267775
2017-04-23,0.0220827878971802
2017-04-24,0.0214899261911575
2017-04-25,0.0224212571172916
2017-04-26,0.0224564926694003
2017-04-27,0.0282625409947706
2017-04-28,0.026756518286807
2017-04-29,0.0255507541560893
2017-04-30,0.0257719827128624
2017-05-01,0.031097869331023
2017-05-02,0.0306046820124275
2017-05-03,0.0339526361739038
2017-05-04,0.0323467573272385
2017-05-05,0.0302981104592847
2017-05-06,0.0316159824610793
2017-05-07,0.0331277326660286
2017-05-08,0.0533447286144847
2017-05-09,0.0497316177183425
2017-05-10,0.0485651374809291
2017-05-11,0.0464425737317844
2017-05-12,0.0544196579897297
2017-05-13,0.0533879788037989
2017-05-14,0.0484421829502003
2017-05-15,0.0468129169084967
2017-05-16,0.042553123629923
2017-05-17,0.04137976686696
2017-05-18,0.0442828510758794
2017-05-19,0.0444889361673827
2017-05-20,0.0450694749156989
2017-05-21,0.0410416314847368
2017-05-22,0.0382691481086474
2017-05-23,0.0519297656313144
2017-05-24,0.056102301386079
2017-05-25,0.0543006199717739
2017-05-26,0.0498429498342581
2017-05-27,0.0652523793598714
2017-05-28,0.0688320941871007
2017-05-29,0.0630032679763578
2017-05-30,0.061760214537644
2017-05-31,0.0619551302104897
2017-06-01,0.0591779334937329
2017-06-02,0.0553560877454641
2017-06-03,0.0514659084837665
2017-06-04,0.0460656471443562
2017-06-05,0.0517793908004748
2017-06-06,0.0562506522375617
2017-06-07,0.0576315266315723
2017-06-08,0.0546370347560579
2017-06-09,0.0490529015517291
2017-06-10,0.0484837705007702
2017-06-11,0.0447693707423674
2017-06-12,0.0633110566074222
2017-06-13,0.0576904355823603
2017-06-14,0.0681158384105407
2017-06-15,0.0615621981567097
2017-06-16,0.0565723258795701
2017-06-17,0.0605137343559883
2017-06-18,0.0603355028622866
2017-06-19,0.0563224459095539
2017-06-20,0.0569167494209572
2017-06-21,0.0539501410685149
2017-06-22,0.0491782700858216
2017-06-23,0.0437880491875616
2017-06-24,0.0465238569496272
2017-06-25,0.0440119414817044
2017-06-26,0.0425581963330242
2017-06-27,0.0440709496884721
2017-06-28,0.0406081235150393
2017-06-29,0.0371479751394801
2017-06-30,0.0385551280267241
2017-07-01,0.0363016965320506
2017-07-02,0.0397934964092335
2017-07-03,0.037138708356442
2017-07-04,0.0354135316193439
2017-07-05,0.0325200788575379
2017-07-06,0.029862682428092
2017-07-07,0.0351200538943243
2017-07-08,0.0344917907928516
2017-07-09,0.033309268385931
2017-07-10,0.0472353823963129
2017-07-11,0.0433976138528504
2017-07-12,0.0414303411317494
2017-07-13,0.0383862494784843
2017-07-14,0.0447573199275147
2017-07-15,0.0614363185992459
2017-07-16,0.0586638889773891
2017-07-17,0.0787600922424486
2017-07-18,0.0727972947983918
2017-07-19,0.0653994251774755
2017-07-20,0.0989998875591324
2017-07-21,0.0912737787178172
2017-07-22,0.0849406246324172
2017-07-23,0.0754372049053796
2017-07-24,0.0649352616622963
2017-07-25,0.0686575461725321
2017-07-26,0.0606277993216974
2017-07-27,0.0605390960874464
2017-07-28,0.0586962370668987
2017-07-29,0.0546441425534777
2017-07-30,0.0492111539947114
2017-07-31,0.0488059488202925
2017-08-01,0.0501719299792479
2017-08-02,0.0457085854034783
2017-08-03,0.0452910575821185
2017-08-04,0.0429348489338572
2017-08-05,0.0659387395470407
2017-08-06,0.0595627489181494
2017-08-07,0.0584784266409968
2017-08-08,0.0525433047155219
2017-08-09,0.0483970965867428
2017-08-10,0.0454684726481353
2017-08-11,0.0516111372633309
2017-08-12,0.0536630460034338
2017-08-13,0.0537309096577869
2017-08-14,0.055549334461664
2017-08-15,0.0528514117936984
2017-08-16,0.0530858388091379
2017-08-17,0.048296519816513
2017-08-18,0.0496770891663227
2017-08-19,0.0452762318732254
2017-08-20,0.0418639031944221
2017-08-21,0.0397365085901643
2017-08-22,0.0375638531533901
2017-08-23,0.0354012998460111
2017-08-24,0.0390148118560603
2017-08-25,0.0358962395805496
2017-08-26,0.0328838628710015
2017-08-27,0.0301344412897461
2017-08-28,0.0280658790965391
2017-08-29,0.0360424850996176
2017-08-30,0.0334373104844897
2017-08-31,0.0351442630067048
2017-09-01,0.0372752048913794
2017-09-02,0.0465425489867749
2017-09-03,0.0428735641525506
2017-09-04,0.0472821689576828
2017-09-05,0.0440869427663309
2017-09-06,0.0435994938617004
2017-09-07,0.0398023082878382
2017-09-08,0.0477991220569492
2017-09-09,0.0436275518548956
2017-09-10,0.0406243800375911
2017-09-11,0.0373569508652721
2017-09-12,0.034442569025114
2017-09-13,0.0460720034673763
2017-09-14,0.0807367990641515
2017-09-15,0.0866113688273798
2017-09-16,0.0776015904057376
2017-09-17,0.0682332670992202
2017-09-18,0.0751029573999319
2017-09-19,0.0692222879025515
2017-09-20,0.0610427697823484
2017-09-21,0.0653729853029186
2017-09-22,0.0579656889302802
2017-09-23,0.0559033785981091
2017-09-24,0.0515449689310763
2017-09-25,0.055901307799853
2017-09-26,0.050238063409865
2017-09-27,0.0584725730007278
2017-09-28,0.0527204427918403
2017-09-29,0.0472570709831768
2017-09-30,0.0478801704789396
2017-10-01,0.0433670806544096
2017-10-02,0.038806150767803
2017-10-03,0.0363333530720877
2017-10-04,0.0348435327191448
2017-10-05,0.0342893273098585
2017-10-06,0.0318883870060342
2017-10-07,0.0306212634839335
2017-10-08,0.0338131234049479
2017-10-09,0.0364897315139197
2017-10-10,0.0339651704415652
2017-10-11,0.0323867602932156
2017-10-12,0.0577675221315125
2017-10-13,0.0557214278972194
2017-10-14,0.0525937824201284
2017-10-15,0.048181662628061
2017-10-16,0.0435866106295932
2017-10-17,0.0422211861410422
2017-10-18,0.0378875775629474
2017-10-19,0.0362530427440121
2017-10-20,0.0418115682026617
2017-10-21,0.0382733774174373
2017-10-22,0.0350053282126337
2017-10-23,0.0334391676687403
2017-10-24,0.0440915417699621
2017-10-25,0.0444779298475773
2017-10-26,0.0430190674934138
2017-10-27,0.0408658048134788
2017-10-28,0.0372771951619
2017-10-29,0.047498307154573
2017-10-30,0.0436647262145353
2017-10-31,0.046450802839585
2017-11-01,0.0475622040951902
2017-11-02,0.048570047709465
2017-11-03,0.0454644877174195
2017-11-04,0.0440443861060105
2017-11-05,0.0400744914329803
2017-11-06,0.0452679450754346
2017-11-07,0.0423528643838723
2017-11-08,0.044709136880878
2017-11-09,0.0463571396503867
2017-11-10,0.0536013905013359
2017-11-11,0.0525847148448733
2017-11-12,0.0606211463454166
2017-11-13,0.0712462767882442
2017-11-14,0.0642009397520665
2017-11-15,0.0713684171491738
2017-11-16,0.0720490473408205
2017-11-17,0.064603067465714
2017-11-18,0.057070221458312
2017-11-19,0.0524565213856639
2017-11-20,0.0492827451955072
2017-11-21,0.0452204581961653
2017-11-22,0.0415713001235631
2017-11-23,0.0390738107341575
2017-11-24,0.0367932528391635
2017-11-25,0.0456089384442715
2017-11-26,0.0505667844750942
2017-11-27,0.0503178446955975
2017-11-28,0.0467803059544216
2017-11-29,0.0428343984374975
2017-11-30,0.0400899061421719
2017-12-01,0.0520207258258505
2017-12-02,0.0476324698763704
2017-12-03,0.0449887044038057
2017-12-04,0.0436715647794806
2017-12-05,0.0403017682568242
2017-12-06,0.0789695046801334
2017-12-07,0.0968479317977598
2017-12-08,0.0882069439052863
2017-12-09,0.0855819626607046
2017-12-10,0.0763959557964993
2017-12-11,0.0786389291317941
2017-12-12,0.0710837161979723
2017-12-13,0.0681570747846167
2017-12-14,0.0597870546833384
2017-12-15,0.0621156363881734
2017-12-16,0.0720922327657175
2017-12-17,0.065015785063687
2017-12-18,0.0578721264160876
2017-12-19,0.0626556443103536
2017-12-20,0.0647513737504595
2017-12-21,0.0627111647591052
2017-12-22,0.068541794827794
2017-12-23,0.0643364699887993
2017-12-24,0.0642472351698103
2017-12-25,0.0572810365932634
2017-12-26,0.0708440309231153
2017-12-27,0.0642491802578136
2017-12-28,0.0668735088011077
2017-12-29,0.0604212546390608
2017-12-30,0.0742902267209214
2017-12-31,0.0735366742909374
2018-01-01,0.0674643551954358
2018-01-02,0.0379518529042663
2018-01-03,0.0314995867039196
2018-01-04,0.0224317326346832
2018-01-05,0.0479233587627355
2018-01-06,0.0384651558616333
2018-01-07,0.0437181685798973
2018-01-08,0.0514477459054084
2018-01-09,0.0499220947385735
2018-01-10,0.0468627446781112
2018-01-11,0.0525804935487937
2018-01-12,0.0513979391733974
2018-01-13,0.0497213836405161
2018-01-14,0.0490651216835241
2018-01-15,0.0467803855975838
2018-01-16,0.0541902120972484
2018-01-17,0.051147104078077
2018-01-18,0.0481492475869685
2018-01-19,0.0458246958087739
2018-01-20,0.0508230786940993
2018-01-21,0.0550774876830715
2018-01-22,0.0547470971708921
2018-01-23,0.0509195832882909
2018-01-24,0.0495052723715066
2018-01-25,0.0468727608873376
2018-01-26,0.0437479327440819
2018-01-27,0.0424561096030216
2018-01-28,0.0411296451377651
2018-01-29,0.0429290454542812
2018-01-30,0.0492947320985226
2018-01-31,0.0468439180557321
2018-02-01,0.0508629833959501
2018-02-02,0.0492978743595249
2018-02-03,0.0487525865716682
2018-02-04,0.0513643879739533
2018-02-05,0.0627214093432617
2018-02-06,0.0732604715002649
2018-02-07,0.0641386531670756
2018-02-08,0.0660834031712768
2018-02-09,0.0633054160992996
2018-02-10,0.0563195782240866
2018-02-11,0.0551496281029256
2018-02-12,0.0596255964876252
2018-02-13,0.0565977934181523
2018-02-14,0.062618715314144
2018-02-15,0.0623178052638993
2018-02-16,0.0554413640511828
2018-02-17,0.0585923494854616
2018-02-18,0.0576447884565366
2018-02-19,0.0574118457480295
2018-02-20,0.0523766571562053
2018-02-21,0.0537900747857406
2018-02-22,0.0532774896577152
2018-02-23,0.0508061282337099
2018-02-24,0.0502990942758017
2018-02-25,0.0479625256371047
2018-02-26,0.0496148187279138
2018-02-27,0.0487076892510212
2018-02-28,0.0480878075925972
2018-03-01,0.0488172487493872
2018-03-02,0.0471782425503879
2018-03-03,0.0471400264429263
2018-03-04,0.0447426406811659
2018-03-05,0.0412133140489519
2018-03-06,0.0468898852456049
2018-03-07,0.0490842385650508
2018-03-08,0.0495446484039809
2018-03-09,0.0477491860300774
2018-03-10,0.0485002428755857
2018-03-11,0.049836785855192
2018-03-12,0.0492043780420261
2018-03-13,0.0474728003003096
2018-03-14,0.0504702071408023
2018-03-15,0.04839295679571
2018-03-16,0.0464584171142042
2018-03-17,0.0481826504475996
2018-03-18,0.0479767001841269
2018-03-19,0.0480136481419622
2018-03-20,0.0480218262531762
2018-03-21,0.0461466798660781
2018-03-22,0.0445259307560333
2018-03-23,0.0409810114283192
2018-03-24,0.038287155255794
2018-03-25,0.0357501513238586
2018-03-26,0.0360850044532792
2018-03-27,0.0383480855069467
2018-03-28,0.0343234858390674
2018-03-29,0.0458995418989051
2018-03-30,0.046175209001565
2018-03-31,0.0431784529673343
2018-04-01,0.0402567641415472
2018-04-02,0.0403785921157297
2018-04-03,0.0440218419016533
2018-04-04,0.0487554441939606
2018-04-05,0.0462329729173904
2018-04-06,0.0453467884496109
2018-04-07,0.046021945954408
2018-04-08,0.0440265959498498
2018-04-09,0.0448642382407608
2018-04-10,0.0418775403841813
2018-04-11,0.0392321029334323
2018-04-12,0.048856191449944
2018-04-13,0.0456894779463736
2018-04-14,0.0422931933580151
2018-04-15,0.0437411475375202
2018-04-16,0.044064416638295
2018-04-17,0.0418691800364902
2018-04-18,0.0421148808535682
2018-04-19,0.0385966192012864
2018-04-20,0.0444583190151026
2018-04-21,0.0404172307004322
2018-04-22,0.0356907072489948
2018-04-23,0.0320918870708361
2018-04-24,0.0416227928239906
2018-04-25,0.0479479783999376
2018-04-26,0.0482116827456454
2018-04-27,0.047403181054563
2018-04-28,0.0474290223644061
2018-04-29,0.0450113711730682
2018-04-30,0.0428409861289959
2018-05-01,0.0400813197159908
2018-05-02,0.036483112218707
2018-05-03,0.0419573144471479
2018-05-04,0.0374254366191977
2018-05-05,0.0330236496949398
2018-05-06,0.0309608288647137
2018-05-07,0.030344555715679
2018-05-08,0.02766441156769
2018-05-09,0.025255058433986
2018-05-10,0.0255642260318153
2018-05-11,0.0315173733695027
2018-05-12,0.0280011499819542
2018-05-13,0.0272390523184036
2018-05-14,0.024910069412744
2018-05-15,0.0245756212382817
2018-05-16,0.0241656949088472
2018-05-17,0.0249005525457369
2018-05-18,0.0246072916796478
2018-05-19,0.0235175896988583
2018-05-20,0.0243132361836312
2018-05-21,0.0237282547752906
2018-05-22,0.0253648930811082
2018-05-23,0.0294477180089729
2018-05-24,0.0266095427906217
2018-05-25,0.0256609445869875
2018-05-26,0.0245113691268739
2018-05-27,0.0231643232155141
2018-05-28,0.0240906267134454
2018-05-29,0.0258934321701101
2018-05-30,0.024580105943525
2018-05-31,0.0238837469296811
2018-06-01,0.0229410943409393
2018-06-02,0.0227592789628524
2018-06-03,0.021978389358813
2018-06-04,0.0231099678622344
2018-06-05,0.0229844091667123
2018-06-06,0.0220537792727015
2018-06-07,0.0205759898352851
2018-06-08,0.0188990494616877
2018-06-09,0.0175576835277384
2018-06-10,0.027367303543035
2018-06-11,0.0255642805179649
2018-06-12,0.0287411838066102
2018-06-13,0.029376797871752
2018-06-14,0.0330760735207722
2018-06-15,0.0337933266801216
2018-06-16,0.0305285526857476
2018-06-17,0.027193348951476
2018-06-18,0.0287302542187385
2018-06-19,0.0259147794209107
2018-06-20,0.0238358274476834
2018-06-21,0.022117293832884
2018-06-22,0.0304476606650473
2018-06-23,0.0283036731163991
2018-06-24,0.0255218179334856
2018-06-25,0.0244524137060205
2018-06-26,0.0244774547718786
2018-06-27,0.0232847308334254
2018-06-28,0.0253376878478515
2018-06-29,0.02919993090955
2018-06-30,0.0281599330151218
2018-07-01,0.0255845108496105
2018-07-02,0.0268108081824337
2018-07-03,0.0255310404535622
2018-07-04,0.024385637910597
2018-07-05,0.0232873658236913
2018-07-06,0.0224986875091864
2018-07-07,0.022865414554074
2018-07-08,0.021787086107646
2018-07-09,0.0204824188296186
2018-07-10,0.0243303260989085
2018-07-11,0.0233638146674228
2018-07-12,0.0244694395056515
2018-07-13,0.0234863433054379
2018-07-14,0.0226036544803683
2018-07-15,0.0223776960598929
2018-07-16,0.0250852746187776
2018-07-17,0.0323046670554769
2018-07-18,0.0285231755934032
2018-07-19,0.0262202618155227
2018-07-20,0.0252734610230394
2018-07-21,0.024036432348065
2018-07-22,0.0225691212064054
2018-07-23,0.0245938052497666
2018-07-24,0.0311405331815622
2018-07-25,0.0295911755012538
2018-07-26,0.0304537726112487
2018-07-27,0.0306135332887891
2018-07-28,0.0271481158613156
2018-07-29,0.0247593010160283
2018-07-30,0.0230765465418617
2018-07-31,0.0267327786086097
2018-08-01,0.0254502243013636
2018-08-02,0.0239583642453093
2018-08-03,0.0236144452355881
2018-08-04,0.0264384168130948
2018-08-05,0.0246065456784896
2018-08-06,0.0238725193402664
2018-08-07,0.0244349923036336
2018-08-08,0.0287825394260988
2018-08-09,0.0313779560519633
2018-08-10,0.0386122824228533
2018-08-11,0.0375395926497068
2018-08-12,0.0324967581821512
2018-08-13,0.028501852613277
2018-08-14,0.0260852439364612
2018-08-15,0.0244853762224213
2018-08-16,0.0222998020553569
2018-08-17,0.0250815403612617
2018-08-18,0.0250535023903423
2018-08-19,0.0241535249107682
2018-08-20,0.0249366054735852
2018-08-21,0.0252970169136652
2018-08-22,0.0245433098358913
2018-08-23,0.0244132601006417
2018-08-24,0.0245420842756064
2018-08-25,0.0236682511231786
2018-08-26,0.0229955212209587
2018-08-27,0.0232790753756294
2018-08-28,0.0242137300675125
2018-08-29,0.0234847975959916
2018-08-30,0.022910206418218
2018-08-31,0.0222241167737086
2018-09-01,0.0228828790466642
2018-09-02,0.0225488125366751
2018-09-03,0.0214326790138633
2018-09-04,0.0211911291183147
2018-09-05,0.0262645563276012
2018-09-06,0.0285807470780878
2018-09-07,0.0263567794411519
2018-09-08,0.0271301060476776
2018-09-09,0.0252659134882526
2018-09-10,0.0238788424204037
2018-09-11,0.0225242563493336
2018-09-12,0.0213984748657956
2018-09-13,0.0226061148671013
2018-09-14,0.0211279164167205
2018-09-15,0.0193772924779279
2018-09-16,0.0172294398090219
2018-09-17,0.0216031448191343
2018-09-18,0.0209907239681608
2018-09-19,0.0193921284767322
2018-09-20,0.0198997004591415
2018-09-21,0.0228956288182303
2018-09-22,0.0214800906411312
2018-09-23,0.0194782639436559
2018-09-24,0.0202768731740904
2018-09-25,0.021773449881289
2018-09-26,0.0204455212855297
2018-09-27,0.0227629981837468
2018-09-28,0.0217217988923444
2018-09-29,0.0202554984308832
2018-09-30,0.0181609673276022
2018-10-01,0.0163520553383425
2018-10-02,0.0149889285668755
2018-10-03,0.0136563011163484
2018-10-04,0.0134846148963091
2018-10-05,0.0125233652334758
2018-10-06,0.0118184578480985
2018-10-07,0.0111319553095962
2018-10-08,0.0108598771346026
2018-10-09,0.0102133775557721
2018-10-10,0.0105145648212887
2018-10-11,0.0154392003317934
2018-10-12,0.013708094101655
2018-10-13,0.0122873438848338
2018-10-14,0.0113304672177987
2018-10-15,0.0153882686338341
2018-10-16,0.0135320852576433
2018-10-17,0.0122650438829863
2018-10-18,0.0117641154279675
2018-10-19,0.0110308276801955
2018-10-20,0.0104872153387013
2018-10-21,0.0096331218722754
2018-10-22,0.0086234607953787
2018-10-23,0.0076535606364166
2018-10-24,0.0069158248337304
2018-10-25,0.0062959593420006
2018-10-26,0.0058719263792924
2018-10-27,0.0056435614015284
2018-10-28,0.0055226590929908
2018-10-29,0.0074120119479066
2018-10-30,0.0065642150031319
2018-10-31,0.0063767331623002
2018-11-01,0.0062803260369416
2018-11-02,0.0058645420450896
2018-11-03,0.0056762728503992
2018-11-04,0.0066293207962614
2018-11-05,0.0061523269975944
2018-11-06,0.0061187708139436
2018-11-07,0.0065474045527726
2018-11-08,0.0081542808709523
2018-11-09,0.0092876776920845
2018-11-10,0.0083813652208843
2018-11-11,0.0074846099490695
2018-11-12,0.0067247512747718
2018-11-13,0.007041101369249
2018-11-14,0.0169517963380378
2018-11-15,0.0143084160787147
2018-11-16,0.01292892589915
2018-11-17,0.0109890095495843
2018-11-18,0.0111007417878275
2018-11-19,0.0243956493146102
2018-11-20,0.041880464002854
2018-11-21,0.045411587280918
2018-11-22,0.0478760944508559
2018-11-23,0.0437892065210859
2018-11-24,0.0514126563982608
2018-11-25,0.0499596454639723
2018-11-26,0.0507869724889529
2018-11-27,0.0488284407835999
2018-11-28,0.05224914340204
2018-11-29,0.0494178203917012
2018-11-30,0.0502828694433831
2018-12-01,0.049656819458036
2018-12-02,0.0478208817134441
2018-12-03,0.0490198154243312
2018-12-04,0.0473880927231651
2018-12-05,0.0479776331712189
2018-12-06,0.0485911045037043
2018-12-07,0.0483975155053427
2018-12-08,0.046881007719679
2018-12-09,0.0470207826185337
2018-12-10,0.0470085555994996
2018-12-11,0.0455252793014711
2018-12-12,0.0439410999817626
2018-12-13,0.0458118869368081
2018-12-14,0.043999071791539
2018-12-15,0.0400980152511215
2018-12-16,0.0349784798180915
2018-12-17,0.0451068813262607
2018-12-18,0.0462285470972644
2018-12-19,0.0432625631216372
2018-12-20,0.0487358476924414
2018-12-21,0.0494005986072991
2018-12-22,0.0485365938834159
2018-12-23,0.0464949433814871
2018-12-24,0.0453550120575689
2018-12-25,0.0481234160570558
2018-12-26,0.0463080919908591
2018-12-27,0.0479943308532532
2018-12-28,0.0495612573097116
2018-12-29,0.0480757427935937
2018-12-30,0.0459266442613883
2018-12-31,0.0461498199464758
2019-01-01,0.0458639154417175
2019-01-02,0.0286118114153255
2019-01-03,0.0311419576942673
2019-01-04,0.0257740343994404
2019-01-05,0.0218212112170675
2019-01-06,0.0360255453928613
2019-01-07,0.0278909250064878
2019-01-08,0.0222634608560422
2019-01-09,0.0186771198023007
2019-01-10,0.0394111901607402
2019-01-11,0.0268417890553378
2019-01-12,0.0212401215938812
2019-01-13,0.0272551923965801
2019-01-14,0.033338291852931
2019-01-15,0.0306927832115222
2019-01-16,0.0251189563815163
2019-01-17,0.0226125703506659
2019-01-18,0.0206673083304464
2019-01-19,0.023532577972293
2019-01-20,0.0301574730832637
2019-01-21,0.0227166451908479
2019-01-22,0.021608272964676
2019-01-23,0.0193995126192016
2019-01-24,0.0172887481065065
2019-01-25,0.0152716879818955
2019-01-26,0.0135693507366489
2019-01-27,0.0130952719185572
2019-01-28,0.0201887856021205
2019-01-29,0.0181735347828246
2019-01-30,0.0179053153415716
2019-01-31,0.0164671574454508
2019-02-01,0.0163744348269213
2019-02-02,0.0145747159543017
2019-02-03,0.0165099287589968
2019-02-04,0.0136231522543143
2019-02-05,0.0125618378505316
2019-02-06,0.0159858501381184
2019-02-07,0.0130624772298306
2019-02-08,0.0272935075260512
2019-02-09,0.0187184376028905
2019-02-10,0.0159397730865996
2019-02-11,0.0173017372615405
2019-02-12,0.0140311471240793
2019-02-13,0.0124691212876509
2019-02-14,0.0115724253154124
2019-02-15,0.010467001652892
2019-02-16,0.0106756012750418
2019-02-17,0.0121828905085376
2019-02-18,0.0235183993691765
2019-02-19,0.0175067634154588
2019-02-20,0.0160282963094445
2019-02-21,0.0155687994109135
2019-02-22,0.0165950002446429
2019-02-23,0.0234765195043122
2019-02-24,0.0346861047804298
2019-02-25,0.0275864754865251
2019-02-26,0.0222554352599264
2019-02-27,0.0181717069167227
2019-02-28,0.0152972717941477
2019-03-01,0.0138259013846178
2019-03-02,0.0119728386002636
2019-03-03,0.0122567147925457
2019-03-04,0.017014243926259
2019-03-05,0.0230113253293806
2019-03-06,0.0169738385629617
2019-03-07,0.0139852919565503
2019-03-08,0.0127211288905065
2019-03-09,0.0163258912965726
2019-03-10,0.0130667036699104
2019-03-11,0.0149234209147211
2019-03-12,0.0123905907540223
2019-03-13,0.0110535682756291
2019-03-14,0.0101608165777816
2019-03-15,0.0125553353730898
2019-03-16,0.0163237468264448
2019-03-17,0.0135221783037208
2019-03-18,0.0114980038465313
2019-03-19,0.0116454646252946
2019-03-20,0.0121670424640715
2019-03-21,0.0138982522240707
2019-03-22,0.0115729614066352
2019-03-23,0.0103916952970224
2019-03-24,0.0099944895003175
2019-03-25,0.0132925209404529
2019-03-26,0.0111175341682194
2019-03-27,0.0168838678231572
2019-03-28,0.0132474203016755
2019-03-29,0.0164139126080878
2019-03-30,0.0129034992369138
2019-03-31,0.0112276845771255
2019-04-01,0.012749567333987
2019-04-02,0.0305411445036909
2019-04-03,0.0222758164921655
2019-04-04,0.0192044996749988
2019-04-05,0.0224376039677123
2019-04-06,0.0172829363540561
2019-04-07,0.0224766171974904
2019-04-08,0.021683955395867
2019-04-09,0.0212501060090373
2019-04-10,0.022749682291014
2019-04-11,0.0300491744320504
2019-04-12,0.022523699269872
2019-04-13,0.0183206103374525
2019-04-14,0.0199185386052523
2019-04-15,0.022284653367496
2019-04-16,0.0258717946152239
2019-04-17,0.0200430633476233
2019-04-18,0.01886096776555
2019-04-19,0.0160210131148744
2019-04-20,0.0145493964929624
2019-04-21,0.0131062855995673
2019-04-22,0.0162946022072552
2019-04-23,0.0213200058900847
2019-04-24,0.0214968454758019
2019-04-25,0.0302025358262382
2019-04-26,0.0218646632131179
2019-04-27,0.0186895987120103
2019-04-28,0.0168273544690274
2019-04-29,0.0142869310831408
2019-04-30,0.0191641880185693
2019-05-01,0.0170323886977869
2019-05-02,0.0179598416621914
2019-05-03,0.0266135334781239
2019-05-04,0.0242624125045048
2019-05-05,0.0202584357073392
2019-05-06,0.0178467802827502
2019-05-07,0.021637450763859
2019-05-08,0.0216109072940531
2019-05-09,0.0265916957792909
2019-05-10,0.0282186489473405
2019-05-11,0.0428606395937025
2019-05-12,0.0415090688534791
2019-05-13,0.0535934957168897
2019-05-14,0.0405348801058419
2019-05-15,0.0397993200971735
2019-05-16,0.0426537992100497
2019-05-17,0.0499295236148076
2019-05-18,0.0372367623388972
2019-05-19,0.0566075361498005
2019-05-20,0.0461024171966308
2019-05-21,0.0364029026501271
2019-05-22,0.0414954626303706
2019-05-23,0.0398572315400032
2019-05-24,0.0338331359456922
2019-05-25,0.0298195657027836
2019-05-26,0.0461186781503185
2019-05-27,0.0350581805406852
2019-05-28,0.0307469255976642
2019-05-29,0.0269521759562844
2019-05-30,0.0363632268019721
2019-05-31,0.0369559412823993
2019-06-01,0.0291313811231272
2019-06-02,0.0303972933640323
2019-06-03,0.0427151685726416
2019-06-04,0.0477981809863101
2019-06-05,0.0388913081910605
2019-06-06,0.0316065315527595
2019-06-07,0.0353834308464988
2019-06-08,0.030206502978546
2019-06-09,0.0364136792764352
2019-06-10,0.0406378156954191
2019-06-11,0.0324659682476173
2019-06-12,0.0343913549903256
2019-06-13,0.029684699185532
2019-06-14,0.0400771676410795
2019-06-15,0.0339514393169095
2019-06-16,0.0320837562750981
2019-06-17,0.0359392436259557
2019-06-18,0.0366060106828687
2019-06-19,0.035355024797503
2019-06-20,0.0354715617492079
2019-06-21,0.0427161705145857
2019-06-22,0.0466364483502581
2019-06-23,0.0364418123521109
2019-06-24,0.0343579268047012
2019-06-25,0.0450712318736135
2019-06-26,0.0544200873720682
2019-06-27,0.0626659466629157
2019-06-28,0.0618781825168766
2019-06-29,0.0505785337084457
2019-06-30,0.0588250579133254
2019-07-01,0.0475776878997834
2019-07-02,0.041826611350334
2019-07-03,0.0569831943848959
2019-07-04,0.0552501221994242
2019-07-05,0.0439567561195497
2019-07-06,0.0398617576514544
2019-07-07,0.0380727934057657
2019-07-08,0.049560959914497
2019-07-09,0.0411123168629878
2019-07-10,0.0429674213862682
2019-07-11,0.0507345213719093
2019-07-12,0.0482220088784441
2019-07-13,0.0467007732765024
2019-07-14,0.0572999342123933
2019-07-15,0.0542470442133139
2019-07-16,0.0630346694410744
2019-07-17,0.0480579566932526
2019-07-18,0.0584569142281351
2019-07-19,0.0447630209107387
2019-07-20,0.0437134567702766
2019-07-21,0.0411566206433517
2019-07-22,0.0397162562561824
2019-07-23,0.043928040485656
2019-07-24,0.0356405850897611
2019-07-25,0.0319329020465041
2019-07-26,0.0282037032058615
2019-07-27,0.0361769363007878
2019-07-28,0.0299625486341713
2019-07-29,0.025539266524685
2019-07-30,0.0237205925700424
2019-07-31,0.0345572056764313
2019-08-01,0.0353215698413009
2019-08-02,0.0299177017909982
2019-08-03,0.0318982000073097
2019-08-04,0.0294348735217879
2019-08-05,0.0425591626594651
2019-08-06,0.0388924198049678
2019-08-07,0.0423392544134651
2019-08-08,0.0326899798352012
2019-08-09,0.0280542388728819
2019-08-10,0.0376807618639008
2019-08-11,0.0333620046645784
2019-08-12,0.0295825200321335
2019-08-13,0.0377072384004198
2019-08-14,0.0483490682613321
2019-08-15,0.041226133294861
2019-08-16,0.0332112780208675
2019-08-17,0.0313624024255699
2019-08-18,0.0285970379523766
2019-08-19,0.0387585828711453
2019-08-20,0.0311723909488806
2019-08-21,0.0430269816187213
2019-08-22,0.0321503798590192
2019-08-23,0.034424797010496
2019-08-24,0.0342792268056165
2019-08-25,0.0282616231818567
2019-08-26,0.0310541043486722
2019-08-27,0.029855488668438
2019-08-28,0.0368475066011491
2019-08-29,0.0344706705538353
2019-08-30,0.0293624562453642
2019-08-31,0.0249950513052643
2019-09-01,0.0256640170063029
2019-09-02,0.0380146042390194
2019-09-03,0.0335709962180078
2019-09-04,0.0271417786044769
2019-09-05,0.0229711305322919
2019-09-06,0.0267202460492223
2019-09-07,0.025456555707098
2019-09-08,0.0225755502946325
2019-09-09,0.020571786683517
2019-09-10,0.0246153862550532
2019-09-11,0.0207575343970215
2019-09-12,0.0249368163411318
2019-09-13,0.0208696679473687
2019-09-14,0.0182262021470557
2019-09-15,0.0171381062087899
2019-09-16,0.0159978057857493
2019-09-17,0.0154077203947982
2019-09-18,0.0140359412836704
2019-09-19,0.0152314151768493
2019-09-20,0.015361973954365
2019-09-21,0.0183026145208244
2019-09-22,0.0158186866251026
2019-09-23,0.0236215077350024
2019-09-24,0.0402388560027259
2019-09-25,0.0323852271435912
2019-09-26,0.0354905461867627
2019-09-27,0.0287860897234069
2019-09-28,0.023471905748949
2019-09-29,0.0242330113783686
2019-09-30,0.0272500779007498
2019-10-01,0.0219977774904062
2019-10-02,0.01953661228902
2019-10-03,0.0201307188824221
2019-10-04,0.0194607165047654
2019-10-05,0.0170034009123536
2019-10-06,0.0250508771383795
2019-10-07,0.0311289728123235
2019-10-08,0.0233805640330193
2019-10-09,0.0323872328188616
2019-10-10,0.0241827880213715
2019-10-11,0.029574630349779
2019-10-12,0.0232681723964412
2019-10-13,0.0199669888675932
2019-10-14,0.018413920049351
2019-10-15,0.0223871387165198
2019-10-16,0.0231038595469273
2019-10-17,0.0203067292288024
2019-10-18,0.0206993077961463
2019-10-19,0.0175970881298223
2019-10-20,0.0246422145126191
2019-10-21,0.0191791331511219
2019-10-22,0.0226672211620271
2019-10-23,0.0351006496071204
2019-10-24,0.0248297559974708
2019-10-25,0.0472914314502096
2019-10-26,0.0482560405320078
2019-10-27,0.0422363575790705
2019-10-28,0.0383708016929935
2019-10-29,0.0324484088464505
2019-10-30,0.0337471720712737
2019-10-31,0.0272000223576079
2019-11-01,0.0248835591325325
2019-11-02,0.0216506857138852
2019-11-03,0.0206936170573312
2019-11-04,0.0240524923853325
2019-11-05,0.0212982947451269
2019-11-06,0.018375627530355
2019-11-07,0.0202513699696242
2019-11-08,0.0293971963028838
2019-11-09,0.022011301081401
2019-11-10,0.025714830714073
2019-11-11,0.030290352613034
2019-11-12,0.0244702345295838
2019-11-13,0.0205510278443171
2019-11-14,0.0211859581267365
2019-11-15,0.023433096218905
2019-11-16,0.0192117229596981
2019-11-17,0.0170426078908648
2019-11-18,0.0258477954210468
2019-11-19,0.0210759898179159
2019-11-20,0.0183390220199636
2019-11-21,0.0309499133143664
2019-11-22,0.0338696903898629
2019-11-23,0.025736520897682
2019-11-24,0.0350886126045619
2019-11-25,0.0325836289335714
2019-11-26,0.0256377793444466
2019-11-27,0.0346777685761852
2019-11-28,0.0280889450901632
2019-11-29,0.0338935907161275
2019-11-30,0.0318502963569836
2019-12-01,0.0293506886892612
2019-12-02,0.0266715841871599
2019-12-03,0.0223505149153679
2019-12-04,0.0221345603576403
2019-12-05,0.0258655524818111
2019-12-06,0.0248684871633475
2019-12-07,0.0206839526429484
2019-12-08,0.0181216359838224
2019-12-09,0.0232402096667198
2019-12-10,0.0221437812597503
2019-12-11,0.0189204461201943
2019-12-12,0.0166068552219031
2019-12-13,0.0162226042007316
2019-12-14,0.0212269549619306
2019-12-15,0.0178283809261826
2019-12-16,0.0244376375834386
2019-12-17,0.0293891726057364
2019-12-18,0.0416864759927576
2019-12-19,0.0327115740655918
2019-12-20,0.0260946387632442
2019-12-21,0.02251372199139
2019-12-22,0.0319907186284895
2019-12-23,0.0290543471370908
2019-12-24,0.025379802480557
2019-12-25,0.0219530512291205
2019-12-26,0.0188782555119659
2019-12-27,0.0175308530883677
2019-12-28,0.0175704654505534
2019-12-29,0.0180255934198466
2019-12-30,0.0215156285049943
2019-12-31,0.0189958697441169
2020-01-01,0.0162570761295121
2020-01-02,0.0401758594951116
2020-01-03,0.0553528893004744
2020-01-04,0.0368401970380535
2020-01-05,0.0262807857483507
2020-01-06,0.0442215501219571
2020-01-07,0.0467340303675752
2020-01-08,0.0353192993719189
2020-01-09,0.0378863449301515
2020-01-10,0.0414421650663296
2020-01-11,0.0333781875500949
2020-01-12,0.0312576408274183
2020-01-13,0.0273153049521071
2020-01-14,0.0459530839733789
2020-01-15,0.0319019539017899
2020-01-16,0.0286499215874016
2020-01-17,0.0302902915370786
2020-01-18,0.0259657001392348
2020-01-19,0.0305030207295796
2020-01-20,0.0257802200338494
2020-01-21,0.0248921941692361
2020-01-22,0.0235430485178632
2020-01-23,0.0305934063527498
2020-01-24,0.024675604817896
2020-01-25,0.0229515191828463
2020-01-26,0.0281081284902707
2020-01-27,0.0331206288480978
2020-01-28,0.0365706623316825
2020-01-29,0.0275995225767759
2020-01-30,0.0290182309574686
2020-01-31,0.0278595627731681
2020-02-01,0.0245284172979164
2020-02-02,0.0223949919248531
2020-02-03,0.0205664901643694
2020-02-04,0.0210323315198783
2020-02-05,0.0336408820958089
2020-02-06,0.026175773348643
2020-02-07,0.0224684424104942
2020-02-08,0.0218662745966172
2020-02-09,0.0259125139367796
2020-02-10,0.0286747620534683
2020-02-11,0.0337632437528453
2020-02-12,0.0265589331259954
2020-02-13,0.0252372601460783
2020-02-14,0.0244548676969923
2020-02-15,0.0342295058085444
2020-02-16,0.0258899791947648
2020-02-17,0.0298536499762316
2020-02-18,0.0374403362205315
2020-02-19,0.0405219387906782
2020-02-20,0.0295054583121606
2020-02-21,0.0269654259377141
2020-02-22,0.0244389554574079
2020-02-23,0.0305050578497533
2020-02-24,0.0328134872532957
2020-02-25,0.0333266067790004
2020-02-26,0.0403754104906032
2020-02-27,0.0293582364428406
2020-02-28,0.0259638244571633
2020-02-29,0.027954134389772
2020-03-01,0.024518015501385
2020-03-02,0.0338816293781737
2020-03-03,0.028575680541349
2020-03-04,0.0245355938199829
2020-03-05,0.031703320447881
2020-03-06,0.0262680621007075
2020-03-07,0.0300489352139951
2020-03-08,0.0434876064638801
2020-03-09,0.0354919818547028
2020-03-10,0.0283007418604753
2020-03-11,0.025627810487955
2020-03-12,0.0831279908913003
2020-03-13,0.0835608453699927
2020-03-14,0.0790158819840728
2020-03-15,0.0656117097990843
2020-03-16,0.0696879450489576
2020-03-17,0.0732738064084942
2020-03-18,0.0572587199012019
2020-03-19,0.0826173895857636
2020-03-20,0.0594918281689526
2020-03-21,0.0521210964603351
2020-03-22,0.0619003005644382
2020-03-23,0.0762373181977181
2020-03-24,0.0638385980062577
2020-03-25,0.0545851087094135
2020-03-26,0.0499739692356708
2020-03-27,0.0548047640450438
2020-03-28,0.0560022187599989
2020-03-29,0.0604003794806974
2020-03-30,0.0707605913186511
2020-03-31,0.0539392551945123
2020-04-01,0.0543390656740786
2020-04-02,0.0509414127057107
2020-04-03,0.0445518973184704
2020-04-04,0.0413987221850393
2020-04-05,0.0365585908481352
2020-04-06,0.0544642957785846
2020-04-07,0.0419202251523523
2020-04-08,0.0407129505226901
2020-04-09,0.0347950812219534
2020-04-10,0.0490486212527543
2020-04-11,0.0363186659288155
2020-04-12,0.033203480058747
2020-04-13,0.0321165549853136
2020-04-14,0.0289143645059224
2020-04-15,0.0362416424873687
2020-04-16,0.0476358548629971
2020-04-17,0.0344572237883665
2020-04-18,0.0351773481648234
2020-04-19,0.0321044641914495
2020-04-20,0.0394797051669514
2020-04-21,0.031144437025055
2020-04-22,0.0370777646962143
2020-04-23,0.0429462538548458
2020-04-24,0.0325936799331792
2020-04-25,0.0293698301551473
2020-04-26,0.0307908545562218
2020-04-27,0.0291998526624963
2020-04-28,0.0273898377951396
2020-04-29,0.0539474141597247
2020-04-30,0.0375769126904602
2020-05-01,0.0360669146600263
2020-05-02,0.0323696828523051
2020-05-03,0.0298484808971102
2020-05-04,0.0280028123774634
2020-05-05,0.0282350643253783
2020-05-06,0.0333436713464164
2020-05-07,0.0458455697616454
2020-05-08,0.0344697014597336
2020-05-09,0.0360230347764233
2020-05-10,0.055518373484697
2020-05-11,0.0401371330141585
2020-05-12,0.0391261778582822
2020-05-13,0.048986100334562
2020-05-14,0.0512245999704057
2020-05-15,0.0533592762649504
2020-05-16,0.0417782910737131
2020-05-17,0.0434301123266627
2020-05-18,0.0357616765149878
2020-05-19,0.0315228829130105
2020-05-20,0.0340777113582386
2020-05-21,0.0421167209633634
2020-05-22,0.0332398865791508
2020-05-23,0.0294255558667236
2020-05-24,0.0382124870375593
2020-05-25,0.0315164650515173
2020-05-26,0.0290195878637627
2020-05-27,0.0360245486858675
2020-05-28,0.0396204340719917
2020-05-29,0.0326417748848823
2020-05-30,0.034355211828956
2020-05-31,0.0346666186917733
2020-06-01,0.0491698069085504
2020-06-02,0.0548217301977864
2020-06-03,0.0410079660338228
2020-06-04,0.0371471341987601
2020-06-05,0.0348260612664144
2020-06-06,0.0304954275163604
2020-06-07,0.0290128175354041
2020-06-08,0.0274515991698742
2020-06-09,0.0262808724561924
2020-06-10,0.026574594525207
2020-06-11,0.0411720708920746
2020-06-12,0.0335395032737064
2020-06-13,0.0286589706646177
2020-06-14,0.0284790155616726
2020-06-15,0.0276972360570995
2020-06-16,0.0267304928998359
2020-06-17,0.0257387947751882
2020-06-18,0.0242976654812976
2020-06-19,0.0241458338675355
2020-06-20,0.0222221271200514
2020-06-21,0.0205072680691633
2020-06-22,0.0323180348887834
2020-06-23,0.02473519922578
2020-06-24,0.031849870426055
2020-06-25,0.0250022989811029
2020-06-26,0.0231884814901255
2020-06-27,0.0248785643301468
2020-06-28,0.0231738144659152
2020-06-29,0.0209111228483196
2020-06-30,0.0181158890892581
2020-07-01,0.0180486785333776
2020-07-02,0.0196624160244434
2020-07-03,0.0160064720456262
2020-07-04,0.0150824840924854
2020-07-05,0.0141851842980263
2020-07-06,0.0204444511594201
2020-07-07,0.016809362926629
2020-07-08,0.0193266958298776
2020-07-09,0.0210691448280053
2020-07-10,0.0167580805015656
2020-07-11,0.0150264525778174
2020-07-12,0.0142825397655467
2020-07-13,0.0138715706703573
2020-07-14,0.0132232970020792
2020-07-15,0.0136353464000579
2020-07-16,0.0137049994195797
2020-07-17,0.0130526717367804
2020-07-18,0.0128523408987174
2020-07-19,0.0130471787934547
2020-07-20,0.0132159982852674
2020-07-21,0.0182293052334286
2020-07-22,0.0172953280250562
2020-07-23,0.0151935569838617
2020-07-24,0.0142018269003214
2020-07-25,0.0166912234408175
2020-07-26,0.0196307368410263
2020-07-27,0.037946878111047
2020-07-28,0.0271438733112491
2020-07-29,0.0260912446824495
2020-07-30,0.0224772025517907
2020-07-31,0.0246902782769522
2020-08-01,0.0319192205555365
2020-08-02,0.037475629630925
2020-08-03,0.0286017110901318
2020-08-04,0.0248865172771988
2020-08-05,0.0342221030072778
2020-08-06,0.0261241489252741
2020-08-07,0.0258879520657192
2020-08-08,0.0249264821681456
2020-08-09,0.0223393243461513
2020-08-10,0.0238244144257778
2020-08-11,0.0319588136973307
2020-08-12,0.027003849223271
2020-08-13,0.0263090217039865
2020-08-14,0.0224585932028787
2020-08-15,0.0210222497975707
2020-08-16,0.0182430100586548
2020-08-17,0.0269585212963178
2020-08-18,0.0274636663301237
2020-08-19,0.0267624290303085
2020-08-20,0.0236678603862013
2020-08-21,0.0285598900518596
2020-08-22,0.0252139842535779
2020-08-23,0.0213466510410921
2020-08-24,0.020305869423261
2020-08-25,0.0286696509966931
2020-08-26,0.023109428498268
2020-08-27,0.0226397634610131
2020-08-28,0.0240618010729614
2020-08-29,0.0197027726214812
2020-08-30,0.0221922265767051
2020-08-31,0.0178834119161982
2020-09-01,0.0231572025226387
2020-09-02,0.0320992800154493
2020-09-03,0.040609230476858
2020-09-04,0.0314553999770664
2020-09-05,0.0331385579477205
2020-09-06,0.0279170905639648
2020-09-07,0.026218065355378
2020-09-08,0.0292218464621672
2020-09-09,0.0260972895656798
2020-09-10,0.0248792320418592
2020-09-11,0.0224852896257414
2020-09-12,0.0202528500390067
2020-09-13,0.0200894250126858
2020-09-14,0.0271469310108058
2020-09-15,0.0224820539990506
2020-09-16,0.0233843470137042
2020-09-17,0.0191428988827693
2020-09-18,0.0165183813854257
2020-09-19,0.0181955715457277
2020-09-20,0.0183877618664953
2020-09-21,0.0280074897807132
2020-09-22,0.0202672913214391
2020-09-23,0.0254133402213269
2020-09-24,0.0334626873686953
2020-09-25,0.0244530824377279
2020-09-26,0.0212911448800248
2020-09-27,0.0184009870456504
2020-09-28,0.0162966010153926
2020-09-29,0.0167156628889462
2020-09-30,0.0152100107009208
2020-10-01,0.0173534474751882
2020-10-02,0.0145357719766159
2020-10-03,0.0134563386936509
2020-10-04,0.0146690748876067
2020-10-05,0.0147898169192288
2020-10-06,0.0168630035143434
2020-10-07,0.0146135581790976
2020-10-08,0.0185757983055584
2020-10-09,0.0179917931497267
2020-10-10,0.0197319533091058
2020-10-11,0.0161232954727187
2020-10-12,0.0175332017039401
2020-10-13,0.0161914117537123
2020-10-14,0.0140571986401627
2020-10-15,0.0141976259821171
2020-10-16,0.0161143737811184
2020-10-17,0.013741721018628
2020-10-18,0.0149193805772999
2020-10-19,0.0185222408608372
2020-10-20,0.0178383104311024
2020-10-21,0.0339455387664097
2020-10-22,0.0250259830636976
2020-10-23,0.0204736440939481
2020-10-24,0.0205883295993464
2020-10-25,0.0178320409375853
2020-10-26,0.0156586578132642
2020-10-27,0.0272628234258842
2020-10-28,0.027415008078623
2020-10-29,0.023628501281576
2020-10-30,0.0210893685508787
2020-10-31,0.0217329303994914
2020-11-01,0.0183741646710564
2020-11-02,0.0179930324495706
2020-11-03,0.0240836001075147
2020-11-04,0.0196635624014826
2020-11-05,0.0385635564353691
2020-11-06,0.0268262506993738
2020-11-07,0.0355236287942766
2020-11-08,0.035418849436829
2020-11-09,0.0281590417085839
2020-11-10,0.0247681688794715
2020-11-11,0.0290618552962084
2020-11-12,0.0322665015472221
2020-11-13,0.0254957757548121
2020-11-14,0.0254671075555816
2020-11-15,0.023198704361786
2020-11-16,0.0336053754152705
2020-11-17,0.0368710135666611
2020-11-18,0.0274544983268964
2020-11-19,0.0242002250924253
2020-11-20,0.0342447007876958
2020-11-21,0.0258065509175691
2020-11-22,0.0248991275778925
2020-11-23,0.0224989372401886
2020-11-24,0.0320800968193633
2020-11-25,0.0286385257848666
2020-11-26,0.0395471627537219
2020-11-27,0.0279228667026812
2020-11-28,0.0331251302912289
2020-11-29,0.030724695111331
2020-11-30,0.039904612229026
2020-12-01,0.0375352018084019
2020-12-02,0.0313899394815851
2020-12-03,0.0279999286635523
2020-12-04,0.033955391386862
2020-12-05,0.0299305071362101
2020-12-06,0.0271248265281112
2020-12-07,0.0253363966729523
2020-12-08,0.0343009240347652
2020-12-09,0.0277017835447395
2020-12-10,0.0267451378939306
2020-12-11,0.0257139298144331
2020-12-12,0.0331650328225273
2020-12-13,0.028583684517045
2020-12-14,0.0250881579828062
2020-12-15,0.0235166126193612
2020-12-16,0.0392691141342093
2020-12-17,0.0395311014562881
2020-12-18,0.0294161445391667
2020-12-19,0.0331225493923633
2020-12-20,0.0282505648316952
2020-12-21,0.0300321278468775
2020-12-22,0.0330094630404456
2020-12-23,0.0292608435313936
2020-12-24,0.0278988184083708
2020-12-25,0.0337067830078386
2020-12-26,0.0393731090094579
2020-12-27,0.0281593950959953
2020-12-28,0.0293167475882995
2020-12-29,0.0257210766416923
2020-12-30,0.036919135515865
2020-12-31,0.0274798777349009
2021-01-01,0.0260915950429451
2021-01-02,0.0404050001909284
2021-01-03,0.0410870779509446
2021-01-04,0.0426469031635382
2021-01-05,0.0470531572181027
2021-01-06,0.0510642930979181
2021-01-07,0.0533030120767445
2021-01-08,0.0519561213333258
2021-01-09,0.0485862797690334
2021-01-10,0.0490312419726234
2021-01-11,0.0522107543781667
2021-01-12,0.0516931566832
2021-01-13,0.055673835273655
2021-01-14,0.0550827189715746
2021-01-15,0.0557777202028497
2021-01-16,0.0533897449780063
2021-01-17,0.0506942415706006
2021-01-18,0.0483153199906338
2021-01-19,0.0458679660269705
2021-01-20,0.0440824829003795
2021-01-21,0.049910766023178
2021-01-22,0.0509373095933625
2021-01-23,0.0494487205531606
2021-01-24,0.0470344455059876
2021-01-25,0.0447891758027148
2021-01-26,0.0427266421734072
2021-01-27,0.0448010805533569
2021-01-28,0.0482875784118977
2021-01-29,0.0464717254167599
2021-01-30,0.0444294744649201
2021-01-31,0.0438377740034923
2021-02-01,0.0422830581311687
2021-02-02,0.0432245660535162
2021-02-03,0.0437777771361509
2021-02-04,0.0424015470623485
2021-02-05,0.0415811879537423
2021-02-06,0.0412481491943711
2021-02-07,0.0401170020146923
2021-02-08,0.0441995156035461
2021-02-09,0.0427194953613321
2021-02-10,0.0421892243163574
2021-02-11,0.0430034734300046
2021-02-12,0.0417758131033889
2021-02-13,0.0406467666341241
2021-02-14,0.0404445511935955
2021-02-15,0.0395673618579606
2021-02-16,0.0389096409891081
2021-02-17,0.0400684195727649
2021-02-18,0.039151055584737
2021-02-19,0.0407660830184975
2021-02-20,0.0397884203361969
2021-02-21,0.0394928034448151
2021-02-22,0.04054612833018
2021-02-23,0.0425332055921814
2021-02-24,0.0417697101613604
2021-02-25,0.0417250968858621
2021-02-26,0.041300368702218
2021-02-27,0.0404972931504451
2021-02-28,0.0397113574114403
2021-03-01,0.0413536260985445
2021-03-02,0.04093568175647
2021-03-03,0.0411986375971324
2021-03-04,0.0413151743760958
2021-03-05,0.0405679684439779
2021-03-06,0.0397783014105951
2021-03-07,0.0400115674691353
2021-03-08,0.0394834609766871
2021-03-09,0.0399988527575355
2021-03-10,0.0396419806902773
2021-03-11,0.0394775253337718
2021-03-12,0.038659422116992
2021-03-13,0.0398903204170328
2021-03-14,0.0394580518316066
2021-03-15,0.0404353541766099
2021-03-16,0.0396836482821165
2021-03-17,0.0397745257570818
2021-03-18,0.0391541321124884
2021-03-19,0.0382413577972429
2021-03-20,0.0370781554662071
2021-03-21,0.0360301694604427
2021-03-22,0.0374026345217662
2021-03-23,0.0360610272886012
2021-03-24,0.0363715497552778
2021-03-25,0.0355725015225402
2021-03-26,0.0374419420117328
2021-03-27,0.0367527729222867
2021-03-28,0.0353606042831058
2021-03-29,0.0353988914251252
2021-03-30,0.0345034908386793
2021-03-31,0.0329771788093834
2021-04-01,0.0314966179214887
2021-04-02,0.0301594215950069
2021-04-03,0.0302031616341342
2021-04-04,0.0294325268049373
2021-04-05,0.0285304636680374
2021-04-06,0.0278073765888272
2021-04-07,0.0281020453723171
2021-04-08,0.0282446452000644
2021-04-09,0.0274785573193836
2021-04-10,0.0275665152557442
2021-04-11,0.026923603467197
2021-04-12,0.0262473083765832
2021-04-13,0.0276778541278781
2021-04-14,0.0271035052222113
2021-04-15,0.0264852641837647
2021-04-16,0.0266594729287767
2021-04-17,0.0265820727407399
2021-04-18,0.0281663854297589
2021-04-19,0.0276054187344144
2021-04-20,0.0271492642179901
2021-04-21,0.0279108825412367
2021-04-22,0.0284499992928545
2021-04-23,0.0281018309942759
2021-04-24,0.0276895959693931
2021-04-25,0.027726350143947
2021-04-26,0.0300010006668115
2021-04-27,0.029482659607005
2021-04-28,0.0286705015531072
2021-04-29,0.0284400851071681
2021-04-30,0.0303660462211421
2021-05-01,0.0293612381355303
2021-05-02,0.0290413172843063
2021-05-03,0.0284472314030639
2021-05-04,0.0299069454575551
2021-05-05,0.0318405931572803
2021-05-06,0.0308574528309892
2021-05-07,0.0300131465227718
2021-05-08,0.0296814375066219
2021-05-09,0.0288841743519429
2021-05-10,0.029444998208697
2021-05-11,0.0288032917259668
2021-05-12,0.0318548685627842
2021-05-13,0.0318428686975683
2021-05-14,0.0307972147491774
2021-05-15,0.0326601550087188
2021-05-16,0.0319798458834641
2021-05-17,0.0336777445196455
2021-05-18,0.0326238826276676
2021-05-19,0.0371616701484404
2021-05-20,0.0395716522706022
2021-05-21,0.0417993681269112
2021-05-22,0.0406654041674524
2021-05-23,0.0421869258646661
2021-05-24,0.0446059308086796
2021-05-25,0.043119365956409
2021-05-26,0.042199259391091
2021-05-27,0.0412044070983846
2021-05-28,0.0426022006626751
2021-05-29,0.0418580783746546
2021-05-30,0.0412610417058261
2021-05-31,0.0413608402688119
2021-06-01,0.0405765565050644
2021-06-02,0.0400970036214318
2021-06-03,0.0401223293848502
2021-06-04,0.0407561467378307
2021-06-05,0.0407322973646933
2021-06-06,0.0399677707287021
2021-06-07,0.0405105164905062
2021-06-08,0.0397590706013961
2021-06-09,0.0413704054125786
2021-06-10,0.0406787818143896
2021-06-11,0.0399280996816675
2021-06-12,0.0400341333454201
2021-06-13,0.0411805919843067
2021-06-14,0.0410440274656102
2021-06-15,0.0403115372302735
2021-06-16,0.0405907429646883
2021-06-17,0.0398830349395172
2021-06-18,0.0405093777748296
2021-06-19,0.0398016822115793
2021-06-20,0.0389788391628979
2021-06-21,0.0407805703733967
2021-06-22,0.0402767515468852
2021-06-23,0.0402032632831037
2021-06-24,0.0399768870200085
2021-06-25,0.0410801371124168
2021-06-26,0.0403900047645709
2021-06-27,0.0412498806749771
2021-06-28,0.0405296633299749
2021-06-29,0.0406140929717652
2021-06-30,0.0402213738867593
2021-07-01,0.0403717721413019
2021-07-02,0.0397164452956351
2021-07-03,0.039318622325212
2021-07-04,0.0388549371780348
2021-07-05,0.0391007361908313
2021-07-06,0.0382290432222151
2021-07-07,0.0371625968707291
2021-07-08,0.0371726841943286
2021-07-09,0.0371497911175634
2021-07-10,0.0359761062974695
2021-07-11,0.0351265376644733
2021-07-12,0.0351970197667733
2021-07-13,0.0341016333276026
2021-07-14,0.0326371522132446
2021-07-15,0.0328193419545271
2021-07-16,0.0314925720147146
2021-07-17,0.0301810414796493
2021-07-18,0.029045041875143
2021-07-19,0.028938002681581
2021-07-20,0.0294192752588064
2021-07-21,0.0319924329661799
2021-07-22,0.0307124684164307
2021-07-23,0.0309437898874962
2021-07-24,0.0303906204575674
2021-07-25,0.0302089344088328
2021-07-26,0.0321994543341263
2021-07-27,0.0330454066563206
2021-07-28,0.0322694417496348
2021-07-29,0.0309657903269332
2021-07-30,0.0316344971083807
2021-07-31,0.0304019524846324
2021-08-01,0.0312402464149404
2021-08-02,0.0304454666164949
2021-08-03,0.0301845596423547
2021-08-04,0.030597957391427
2021-08-05,0.030472203468145
2021-08-06,0.0312568322526725
2021-08-07,0.0317228730573514
2021-08-08,0.0306838185937328
2021-08-09,0.0319047971407377
2021-08-10,0.0310459404593809
2021-08-11,0.0299477965045593
2021-08-12,0.029828369545045
2021-08-13,0.0320770164687607
2021-08-14,0.0310130292191326
2021-08-15,0.0298899164912686
2021-08-16,0.029547966394484
2021-08-17,0.0294486772491673
2021-08-18,0.0286696096932248
2021-08-19,0.0290109865613944
2021-08-20,0.0301678104344857
2021-08-21,0.0292363366588447
2021-08-22,0.0285171807701926
2021-08-23,0.0279252044107313
2021-08-24,0.0281767590803525
2021-08-25,0.0280150948751022
2021-08-26,0.0283648812530658
2021-08-27,0.0287387394414383
2021-08-28,0.0281435790838916
2021-08-29,0.0276579486337856
2021-08-30,0.0280142606005321
2021-08-31,0.0275593598991172
2021-09-01,0.0277090642888116
2021-09-02,0.0274436015118499
2021-09-03,0.0271457274956543
2021-09-04,0.0267753972645594
2021-09-05,0.0271709200720805
2021-09-06,0.0270188102378781
2021-09-07,0.0291119945259518
2021-09-08,0.0285626449205078
2021-09-09,0.0279642953446097
2021-09-10,0.0283097714852985
2021-09-11,0.0277978752566791
2021-09-12,0.027727178373692
2021-09-13,0.0277340043791485
2021-09-14,0.0282897540655932
2021-09-15,0.0281692450642713
2021-09-16,0.0277285825581831
2021-09-17,0.0274258214726314
2021-09-18,0.0273380875291865
2021-09-19,0.0272601983036045
2021-09-20,0.0290521493246131
2021-09-21,0.0302871109656528
2021-09-22,0.0326822808797518
2021-09-23,0.0324334251531976
2021-09-24,0.0334834416236658
2021-09-25,0.0320153895927628
2021-09-26,0.0308422357380089
2021-09-27,0.0300121794332477
2021-09-28,0.0300033999759494
2021-09-29,0.0290961024254402
2021-09-30,0.0303431273662114
2021-10-01,0.0336756262742145
2021-10-02,0.0322383725920586
2021-10-03,0.0310106184409903
2021-10-04,0.03048772823306
2021-10-05,0.0313540192694792
2021-10-06,0.0339214919710628
2021-10-07,0.0336854591176951
2021-10-08,0.0322197496592351
2021-10-09,0.0314593253693338
2021-10-10,0.0302839993301005
2021-10-11,0.0312284170299659
2021-10-12,0.0305412709577085
2021-10-13,0.0299820081193406
2021-10-14,0.0290357202634553
2021-10-15,0.0309526976407673
2021-10-16,0.0299215597369233
2021-10-17,0.0290719982867957
2021-10-18,0.0283696485161504
2021-10-19,0.0287289372120046
2021-10-20,0.0286649587449607
2021-10-21,0.0299234440107787
2021-10-22,0.029709126858238
2021-10-23,0.0289262994033249
2021-10-24,0.0282724916428182
2021-10-25,0.0285318908137106
2021-10-26,0.0290918525713669
2021-10-27,0.029134516799934
2021-10-28,0.0292953351454159
2021-10-29,0.0291699751679579
2021-10-30,0.0285201094934132
2021-10-31,0.0279764319656266
2021-11-01,0.0275376624428852
2021-11-02,0.0277049944711881
2021-11-03,0.0272913990007667
2021-11-04,0.0273255607591753
2021-11-05,0.0269783894283242
2021-11-06,0.0266365569994889
2021-11-07,0.0267567352314464
2021-11-08,0.0279921355028539
2021-11-09,0.027517832293169
2021-11-10,0.0278335906354996
2021-11-11,0.027368627535324
2021-11-12,0.0270970023680213
2021-11-13,0.0266865204694513
2021-11-14,0.0263270725070093
2021-11-15,0.0262665389794603
2021-11-16,0.0273622958683364
2021-11-17,0.0268629720932712
2021-11-18,0.0279603848315555
2021-11-19,0.027782657066143
2021-11-20,0.027890207328775
2021-11-21,0.0275086379595058
2021-11-22,0.0281579599855165
2021-11-23,0.0279912220801388
2021-11-24,0.0275638688272547
2021-11-25,0.0277616267807788
2021-11-26,0.0297765525628926
2021-11-27,0.0291468708342839
2021-11-28,0.0299461871166214
2021-11-29,0.0291895353338875
2021-11-30,0.0286403360707272
2021-12-01,0.0280207123783466
2021-12-02,0.0276022797447348
2021-12-03,0.0284615873686639
2021-12-04,0.030773117764876
2021-12-05,0.0297035102056784
2021-12-06,0.0294083947312014
2021-12-07,0.0286082108808697
2021-12-08,0.027968128335639
2021-12-09,0.0288813574966788
2021-12-10,0.0282974264304015
2021-12-11,0.0287049804641758
2021-12-12,0.028297292811719
2021-12-13,0.0298748596990238
2021-12-14,0.0299200432557158
2021-12-15,0.0291574930566367
2021-12-16,0.0289288782113154
2021-12-17,0.0288799810221863
2021-12-18,0.0283541391218889
2021-12-19,0.0278107858212184
2021-12-20,0.0273562631248406
2021-12-21,0.0279271050591976
2021-12-22,0.0275089380122677
2021-12-23,0.0279577101608866
2021-12-24,0.027494297015893
2021-12-25,0.0270922425028464
2021-12-26,0.0266944827691392
2021-12-27,0.0262328438889705
2021-12-28,0.0274985596610872
2021-12-29,0.0275125088784844
2021-12-30,0.0271984220193066
2021-12-31,0.0269740500613938
2022-01-01,0.0270542252885679
2022-01-02,0.0296691924529949
2022-01-03,0.0275937068794599
2022-01-04,0.0244920054686084
2022-01-05,0.0331789956570303
2022-01-06,0.0271633559870826
2022-01-07,0.0316171083493665
2022-01-08,0.0264372017437157
2022-01-09,0.0228315042642369
2022-01-10,0.0200745512217968
2022-01-11,0.0227339136286354
2022-01-12,0.0250618663539771
2022-01-13,0.0271136965424589
2022-01-14,0.0239511245548118
2022-01-15,0.020963258454578
2022-01-16,0.0187419516625949
2022-01-17,0.02152620645776
2022-01-18,0.0189195683260803
2022-01-19,0.0196386991000357
2022-01-20,0.0221086289550559
2022-01-21,0.0344194546263144
2022-01-22,0.0337510583344889
2022-01-23,0.0333985088572716
2022-01-24,0.0284420618433394
2022-01-25,0.0252619202003206
2022-01-26,0.0223642516453763
2022-01-27,0.0203811093417822
2022-01-28,0.0221868166404603
2022-01-29,0.0202467184531209
2022-01-30,0.0182403384831472
2022-01-31,0.0186554275763486
2022-02-01,0.0177507748532714
2022-02-02,0.0252715166097831
2022-02-03,0.0204472073636323
2022-02-04,0.0334002828269235
2022-02-05,0.0263607497506994
2022-02-06,0.0258583445582151
2022-02-07,0.0288448825602129
2022-02-08,0.0242894575475658
2022-02-09,0.021664813994626
2022-02-10,0.0225222259140908
2022-02-11,0.0252481920494536
2022-02-12,0.0215505679553404
2022-02-13,0.0192219217976152
2022-02-14,0.0189911774157672
2022-02-15,0.0253843479110683
2022-02-16,0.0218981305745295
2022-02-17,0.0324874609396031
2022-02-18,0.0268739027771622
2022-02-19,0.0228445540088601
2022-02-20,0.0280595363555128
2022-02-21,0.0302104969660583
2022-02-22,0.0298214824942673
2022-02-23,0.028789504972505
2022-02-24,0.0288622305316201
2022-02-25,0.029110222815455
2022-02-26,0.0252899643397071
2022-02-27,0.0293032277006289
2022-02-28,0.0419054670613978
2022-03-01,0.0355558945591677
2022-03-02,0.030176590676914
2022-03-03,0.0326704051020345
2022-03-04,0.0410549064983029
2022-03-05,0.0326229122487612
2022-03-06,0.0323073878836415
2022-03-07,0.0282290266299242
2022-03-08,0.0271724912669704
2022-03-09,0.0379834350471582
2022-03-10,0.0404624285397614
2022-03-11,0.0341990400623549
2022-03-12,0.0294825766706749
2022-03-13,0.0315347036826295
2022-03-14,0.0356495499153772
2022-03-15,0.0299305014447235
2022-03-16,0.03439217166168
2022-03-17,0.0288194963597162
2022-03-18,0.0288696772273195
2022-03-19,0.0261138842709955
2022-03-20,0.0270642966399806
2022-03-21,0.0241323327561873
2022-03-22,0.0278671295550872
2022-03-23,0.0245703983958334
2022-03-24,0.0272944527039955
2022-03-25,0.0242243789982304
2022-03-26,0.0218585084453535
2022-03-27,0.0295027066205259
2022-03-28,0.0250730675346526
2022-03-29,0.022367376669967
2022-03-30,0.0208583576309224
2022-03-31,0.0255980111757062
2022-04-01,0.0237422853683208
2022-04-02,0.0213890602798349
2022-04-03,0.0207088657390437
2022-04-04,0.0190458016535555
2022-04-05,0.0213091158125524
2022-04-06,0.0283060325164782
2022-04-07,0.0231325521060393
2022-04-08,0.0262649843811661
2022-04-09,0.0233244046000894
2022-04-10,0.0216926783623763
2022-04-11,0.031034582305005
2022-04-12,0.0262721614850721
2022-04-13,0.0271919723894394
2022-04-14,0.0285550977705579
2022-04-15,0.0260647274314244
2022-04-16,0.0228048667993104
2022-04-17,0.0235861300455529
2022-04-18,0.0257933445325662
2022-04-19,0.0243996645027367
2022-04-20,0.0214578403831259
2022-04-21,0.0235989212642178
2022-04-22,0.0233565961298776
2022-04-23,0.0206848827508493
2022-04-24,0.018872406417487
2022-04-25,0.0219243086934416
2022-04-26,0.0296105022417354
2022-04-27,0.0286193012740804
2022-04-28,0.0254353006051871
2022-04-29,0.0273701571936998
2022-04-30,0.0270306407235636
2022-05-01,0.0261448869446891
2022-05-02,0.0227711231068096
2022-05-03,0.0244905756445398
2022-05-04,0.0303868870138044
2022-05-05,0.0376447128439254
2022-05-06,0.0304970606685636
2022-05-07,0.0280483488313455
2022-05-08,0.0322155341875136
2022-05-09,0.0424433888133024
2022-05-10,0.0344951719008413
2022-05-11,0.0416065734636897
2022-05-12,0.033504620837985
2022-05-13,0.0296535310758749
2022-05-14,0.0306714915268545
2022-05-15,0.0331384808042348
2022-05-16,0.0352926658764851
2022-05-17,0.0316632009925273
2022-05-18,0.0374481477080132
2022-05-19,0.0390313915728843
2022-05-20,0.0373593542883593
2022-05-21,0.0317523837458848
2022-05-22,0.0332425626207612
2022-05-23,0.0358731866895504
2022-05-24,0.0324466913581861
2022-05-25,0.0282912220605401
2022-05-26,0.0261055998078478
2022-05-27,0.0280071175363877
2022-05-28,0.0264797415486711
2022-05-29,0.0252119285190395
2022-05-30,0.0357002764912006
2022-05-31,0.0284066776750614
2022-06-01,0.0367775847542126
2022-06-02,0.0327606102590274
2022-06-03,0.0325322872709238
2022-06-04,0.0280383423199963
2022-06-05,0.0251679929449118
2022-06-06,0.031814292264066
2022-06-07,0.026641335757108
2022-06-08,0.0294031484446723
2022-06-09,0.0254543892137883
2022-06-10,0.029185419238735
2022-06-11,0.0289030952417016
2022-06-12,0.0347778592745824
2022-06-13,0.0483566066882207
2022-06-14,0.0368555310720166
2022-06-15,0.0339850160625059
2022-06-16,0.0462282468721283
2022-06-17,0.0362161583819589
2022-06-18,0.0445907199617116
2022-06-19,0.0484866464402155
2022-06-20,0.0385605661703456
2022-06-21,0.0334075021708754
2022-06-22,0.0358312511090136
2022-06-23,0.0406324741409073
2022-06-24,0.034118513819852
2022-06-25,0.0303773569244535
2022-06-26,0.0299687162578286
2022-06-27,0.0284509574620765
2022-06-28,0.0293805425787272
2022-06-29,0.0264985718217146
2022-06-30,0.0311739908073664
2022-07-01,0.0263567679253164
2022-07-02,0.0239522782909945
2022-07-03,0.021715660385986
2022-07-04,0.0296813865625016
2022-07-05,0.0243743666944292
2022-07-06,0.024681994841786
2022-07-07,0.0316723200674288
2022-07-08,0.0263250203734942
2022-07-09,0.0243195136628745
2022-07-10,0.0286437630073698
2022-07-11,0.0319387729663331
2022-07-12,0.0319099687739929
2022-07-13,0.0341489147732687
2022-07-14,0.0309997920125822
2022-07-15,0.0283738580999106
2022-07-16,0.0275804768521049
2022-07-17,0.0269307487273876
2022-07-18,0.0359416980560084
2022-07-19,0.036895042288349
2022-07-20,0.0302875922475337
2022-07-21,0.0269020401090742
2022-07-22,0.0272771895150484
2022-07-23,0.0250273071050792
2022-07-24,0.0231033718221429
2022-07-25,0.0310666406575798
2022-07-26,0.0274801394216426
2022-07-27,0.0373939994180388
2022-07-28,0.0364153249586376
2022-07-29,0.0301615295425845
2022-07-30,0.0281928795136202
2022-07-31,0.0262296255549366
2022-08-01,0.0233960675238805
2022-08-02,0.0230827494942575
2022-08-03,0.0218493747836247
2022-08-04,0.0205871990802054
2022-08-05,0.0239990828990286
2022-08-06,0.021993433168602
2022-08-07,0.0202540239492436
2022-08-08,0.0237209649298568
2022-08-09,0.025052927000452
2022-08-10,0.0270131084061525
2022-08-11,0.0227060534593604
2022-08-12,0.0235266456716901
2022-08-13,0.0206496826817321
2022-08-14,0.0191039494550136
2022-08-15,0.0187750287419706
2022-08-16,0.018262239486423
2022-08-17,0.0208684379339606
2022-08-18,0.0185439144681665
2022-08-19,0.031575529298602
2022-08-20,0.0253252404673881
2022-08-21,0.0247890981264473
2022-08-22,0.0228547117682673
2022-08-23,0.0215409727617979
2022-08-24,0.0196236905764104
2022-08-25,0.0187061913000763
2022-08-26,0.028274384183237
2022-08-27,0.0234491852259332
2022-08-28,0.0234811731488068
2022-08-29,0.0258859985023543
2022-08-30,0.0254798655376802
2022-08-31,0.0229112755084726
2022-09-01,0.0205757733285008
2022-09-02,0.0195237605126075
2022-09-03,0.0185661103483491
2022-09-04,0.0179361230729077
2022-09-05,0.0174603755353011
2022-09-06,0.025004772597163
2022-09-07,0.0242722039358519
2022-09-08,0.0205449078805491
2022-09-09,0.0331671440733262
2022-09-10,0.027546813258222
2022-09-11,0.0232243603418174
2022-09-12,0.0260926179924429
2022-09-13,0.0374647972152298
2022-09-14,0.0286811051711942
2022-09-15,0.0295930823098178
2022-09-16,0.0250764096213859
2022-09-17,0.0254115559387628
2022-09-18,0.0288255085583712
2022-09-19,0.0246406065310634
2022-09-20,0.0286564538708298
2022-09-21,0.0270476012533208
2022-09-22,0.0321110537187579
2022-09-23,0.0264751967797992
2022-09-24,0.026814236224339
2022-09-25,0.0238841357344244
2022-09-26,0.025143341351169
2022-09-27,0.0222468262941727
2022-09-28,0.0231133997425039
2022-09-29,0.0206685437711096
2022-09-30,0.0192307934784546
2022-10-01,0.0182605604372297
2022-10-02,0.0194175224128809
2022-10-03,0.0234370615179143
2022-10-04,0.0262006169533987
2022-10-05,0.0225906965222409
2022-10-06,0.0211502629088814
2022-10-07,0.0225633282876642
2022-10-08,0.0201730473723647
2022-10-09,0.018271842920339
2022-10-10,0.0191317513663816
2022-10-11,0.0177323682278676
2022-10-12,0.0168717046025433
2022-10-13,0.0174119106677371
2022-10-14,0.0173272824790822
2022-10-15,0.0161851181634534
2022-10-16,0.0163138215964994
2022-10-17,0.0174577223683046
2022-10-18,0.0170829539062481
2022-10-19,0.0168788841407319
2022-10-20,0.015579384136093
2022-10-21,0.0151376295559648
2022-10-22,0.0138601844176192
2022-10-23,0.0164080371346874
2022-10-24,0.0160351154905599
2022-10-25,0.0213993191702313
2022-10-26,0.0237572659863718
2022-10-27,0.0237245325491102
2022-10-28,0.0221438219525084
2022-10-29,0.0201540440682516
2022-10-30,0.0188537882290325
2022-10-31,0.0173687836629267
2022-11-01,0.0156695764176641
2022-11-02,0.0174599733571174
2022-11-03,0.0153996458355252
2022-11-04,0.0227259266688973
2022-11-05,0.0186618452358469
2022-11-06,0.0191392294571454
2022-11-07,0.019833443310284
2022-11-08,0.0311792876613549
2022-11-09,0.0420789812239483
2022-11-10,0.0469980044007152
2022-11-11,0.0410395923158543
2022-11-12,0.0339691586299298
2022-11-13,0.0338413098682521
2022-11-14,0.0314214399064063
2022-11-15,0.0288211057576538
2022-11-16,0.0267122153874846
2022-11-17,0.023702201529812
2022-11-18,0.021328237385355
2022-11-19,0.0193532073327012
2022-11-20,0.0233953108046942
2022-11-21,0.0256821918414465
2022-11-22,0.0260550091303102
2022-11-23,0.0264524003669498
2022-11-24,0.0225954348496838
2022-11-25,0.0203919619732076
2022-11-26,0.0187789357853929
2022-11-27,0.0171233587581149
2022-11-28,0.0181393529459127
2022-11-29,0.018583001300464
2022-11-30,0.0247781236766164
2022-12-01,0.0218397453606324
2022-12-02,0.0195970641005683
2022-12-03,0.0189690454319318
2022-12-04,0.0190440852063115
2022-12-05,0.018169625082512
2022-12-06,0.017028776199507
2022-12-07,0.0176717225014994
2022-12-08,0.019999043314026
2022-12-09,0.0176566398682275
2022-12-10,0.0159336272521573
2022-12-11,0.0147057990612698
2022-12-12,0.0142549354213669
2022-12-13,0.0197073140797087
2022-12-14,0.0162693746268619
2022-12-15,0.0198632116148646
2022-12-16,0.0246910134192512
2022-12-17,0.020924323926331
2022-12-18,0.0180426327040293
2022-12-19,0.0202609046835395
2022-12-20,0.0227707473295575
2022-12-21,0.019448712696306
2022-12-22,0.0171894620632704
2022-12-23,0.0156244552856852
2022-12-24,0.0145166144359508
2022-12-25,0.0133911749198084
2022-12-26,0.0127282736906783
2022-12-27,0.0136421647489988
2022-12-28,0.0137839226071652
2022-12-29,0.013031146126589
2022-12-30,0.0121636187524753
2022-12-31,0.0118581088999023
2023-01-01,0.0117323135414541
2023-01-02,0.0192264701459796
2023-01-03,0.0113281688544773
2023-01-04,0.0124495716126513
2023-01-05,0.0089952842521151
2023-01-06,0.0095579850319209
2023-01-07,0.0073756306769526
2023-01-08,0.0080273425079436
2023-01-09,0.008401909219964
2023-01-10,0.0104931330572768
2023-01-11,0.0129730313320009
2023-01-12,0.0192657151890682
2023-01-13,0.0237094989851583
2023-01-14,0.0268245815055254
2023-01-15,0.0208186343936904
2023-01-16,0.0196684136306724
2023-01-17,0.0162967787710777
2023-01-18,0.0193526624112641
2023-01-19,0.0195253196462689
2023-01-20,0.0257928220390529
2023-01-21,0.0203797225531463
2023-01-22,0.0170425617062277
2023-01-23,0.0164753444897001
2023-01-24,0.0173068930927943
2023-01-25,0.0194879997198645
2023-01-26,0.0166501786002727
2023-01-27,0.0148604130652781
2023-01-28,0.0135960769252593
2023-01-29,0.0196720663246754
2023-01-30,0.0227849046185438
2023-01-31,0.0204549103900636
2023-02-01,0.0215004806196204
2023-02-02,0.0187282626666723
2023-02-03,0.0160918484115836
2023-02-04,0.0147998043344238
2023-02-05,0.0172223591612589
2023-02-06,0.0163477507066808
2023-02-07,0.0190706588628207
2023-02-08,0.0184585403035817
2023-02-09,0.0229622137652005
2023-02-10,0.019437764575259
2023-02-11,0.0180424539423704
2023-02-12,0.0159656662787407
2023-02-13,0.014462452981294
2023-02-14,0.0175525991826094
2023-02-15,0.0241737954499269
2023-02-16,0.022869348968413
2023-02-17,0.0240218866231113
2023-02-18,0.0189569108035934
2023-02-19,0.0178302861403787
2023-02-20,0.0188661259274534
2023-02-21,0.0189983958850621
2023-02-22,0.0175308037023833
2023-02-23,0.0169878523251641
2023-02-24,0.0209410566269942
2023-02-25,0.0171518985088098
2023-02-26,0.0181749074729094
2023-02-27,0.0156740894929584
2023-02-28,0.017193646128436
2023-03-01,0.0189049630575162
2023-03-02,0.0165712381536177
2023-03-03,0.022331768517707
2023-03-04,0.0178627545879464
2023-03-05,0.015595404291245
2023-03-06,0.0138533259934661
2023-03-07,0.0149152511364672
2023-03-08,0.0180730341030112
2023-03-09,0.0234012602759444
2023-03-10,0.018879174475072
2023-03-11,0.0190793820827261
2023-03-12,0.0245464787917383
2023-03-13,0.029991137112653
2023-03-14,0.0271891165091903
2023-03-15,0.0234119002587876
2023-03-16,0.0243449998202832
2023-03-17,0.0348393719081292
2023-03-18,0.0290329649893383
2023-03-19,0.0331858408189099
2023-03-20,0.0274871789922642
2023-03-21,0.0241600367269576
2023-03-22,0.0276086452841561
2023-03-23,0.0311657557221947
2023-03-24,0.0322799348993591
2023-03-25,0.02504676035169
2023-03-26,0.0256204334845861
2023-03-27,0.029199156263577
2023-03-28,0.023418402598796
2023-03-29,0.0296824951450757
2023-03-30,0.0256795620687309
2023-03-31,0.0247958248153472
2023-04-01,0.0200358463967683
2023-04-02,0.0193212051518474
2023-04-03,0.0185224176776331
2023-04-04,0.0174930821640002
2023-04-05,0.0155282229186367
2023-04-06,0.0146495865484759
2023-04-07,0.0136647064647841
2023-04-08,0.0120961496282391
2023-04-09,0.0145462644816863
2023-04-10,0.0212281654188562
2023-04-11,0.0204663791373542
2023-04-12,0.0183695669903369
2023-04-13,0.0183611814854265
2023-04-14,0.0156375807919017
2023-04-15,0.0141487010321826
2023-04-16,0.0124827967985128
2023-04-17,0.0182925521680456
2023-04-18,0.0210612750785083
2023-04-19,0.0241984714690269
2023-04-20,0.0222303368177284
2023-04-21,0.0237486389838865
2023-04-22,0.0222652638054132
2023-04-23,0.0189882290289788
2023-04-24,0.0164060016602327
2023-04-25,0.0204970436932685
2023-04-26,0.0170857238686184
2023-04-27,0.0219993363702928
2023-04-28,0.0180163266692729
2023-04-29,0.0159274840251034
2023-04-30,0.0148570801215168
2023-05-01,0.021550009295085
2023-05-02,0.0210991353124424
2023-05-03,0.0191696437989117
2023-05-04,0.0169222367007105
2023-05-05,0.0197662378736572
2023-05-06,0.0207133724520884
2023-05-07,0.0174588364408413
2023-05-08,0.0219092298441353
2023-05-09,0.0178859363480717
2023-05-10,0.0154573165156284
2023-05-11,0.0191935773695987
2023-05-12,0.0171314135194416
2023-05-13,0.0151264553202469
2023-05-14,0.0138496123577983
2023-05-15,0.0151483167642775
2023-05-16,0.0146210765116305
2023-05-17,0.0159663775310868
2023-05-18,0.0182674792664455
2023-05-19,0.0151149895099164
2023-05-20,0.0145558130148452
2023-05-21,0.0154012727774522
2023-05-22,0.0134412588304982
2023-05-23,0.0151409950374266
2023-05-24,0.020035638601133
2023-05-25,0.0165625599969357
2023-05-26,0.0155641254096491
2023-05-27,0.0140188921411562
2023-05-28,0.0211032044574944
2023-05-29,0.0188422127790213
2023-05-30,0.0155536051492997
2023-05-31,0.0176614671096067
2023-06-01,0.0177611479213306
2023-06-02,0.0181799921062373
2023-06-03,0.0161644090116449
2023-06-04,0.0143827633490244
2023-06-05,0.0218532773503981
2023-06-06,0.0246188053343018
2023-06-07,0.0244587532492358
2023-06-08,0.0198984731345894
2023-06-09,0.0166910250350627
2023-06-10,0.019691620135218
2023-06-11,0.0165313783703252
2023-06-12,0.014653421343058
2023-06-13,0.0132248413230599
2023-06-14,0.019266984453173
2023-06-15,0.0194309441546961
2023-06-16,0.0216213749008645
2023-06-17,0.0181963967249289
2023-06-18,0.0161924941707123
2023-06-19,0.0175753359810432
2023-06-20,0.0232024733793168
2023-06-21,0.0260802376931527
2023-06-22,0.0203566491348593
2023-06-23,0.0213813549927803
2023-06-24,0.0176202162741151
2023-06-25,0.0155664642213136
2023-06-26,0.0151696441437425
2023-06-27,0.016501652348904
2023-06-28,0.0182992153730943
2023-06-29,0.0175201779454832
2023-06-30,0.0151544842858128
2023-07-01,0.0138498141358292
2023-07-02,0.0122887077095723
2023-07-03,0.0157115359852856
2023-07-04,0.0154453875162532
2023-07-05,0.0150715376781372
2023-07-06,0.0168340122802733
2023-07-07,0.0163238602955837
2023-07-08,0.013829675653968
2023-07-09,0.0122385884651388
2023-07-10,0.0123480589627897
2023-07-11,0.012108798634498
2023-07-12,0.0119284506575136
2023-07-13,0.0179774550407529
2023-07-14,0.021446822196072
2023-07-15,0.016452452637652
2023-07-16,0.0132265053979377
2023-07-17,0.011498749307835
2023-07-18,0.012595339126277
2023-07-19,0.0106605970410139
2023-07-20,0.0095440975208479
2023-07-21,0.0088212882535839
2023-07-22,0.0090643498157066
2023-07-23,0.0104608377850065
2023-07-24,0.0144371092685081
2023-07-25,0.0108611707431483
2023-07-26,0.0095846508156666
2023-07-27,0.0090940785860784
2023-07-28,0.0084121658508826
2023-07-29,0.0076574278374903
2023-07-30,0.007548286127202
2023-07-31,0.0072315751964303
2023-08-01,0.0087469655934313
2023-08-02,0.0099771019942883
2023-08-03,0.0083891835308307
2023-08-04,0.0081021222556561
2023-08-05,0.0073812522287781
2023-08-06,0.0070498622860319
2023-08-07,0.0073325697635795
2023-08-08,0.0105203467152954
2023-08-09,0.0096347543797866
2023-08-10,0.0088436607592773
2023-08-11,0.0077428950397383
2023-08-12,0.0072022295718694
2023-08-13,0.0074869162942374
2023-08-14,0.0075514273891897
2023-08-15,0.0085425405968343
2023-08-16,0.0102032591439241
2023-08-17,0.0154087636424121
2023-08-18,0.0167396726937586
2023-08-19,0.0123281055856913
2023-08-20,0.0100199789647339
2023-08-21,0.0085539170005346
2023-08-22,0.0086536565999934
2023-08-23,0.0115075354545272
2023-08-24,0.01180466335703
2023-08-25,0.0097745669412407
2023-08-26,0.0083241922856078
2023-08-27,0.0078320813298898
2023-08-28,0.0073153986886512
2023-08-29,0.0134656872374354
2023-08-30,0.0130495925482408
2023-08-31,0.0186121860086027
2023-09-01,0.0145962223865249
2023-09-02,0.0114062629558922
2023-09-03,0.0098251572413313
2023-09-04,0.0096691797610025
2023-09-05,0.0083073543533173
2023-09-06,0.0076039655191374
2023-09-07,0.010727293362241
2023-09-08,0.0110985140152392
2023-09-09,0.0089594714623951
2023-09-10,0.0080050249538495
2023-09-11,0.0120305645043685
2023-09-12,0.0147396217258952
2023-09-13,0.0141877264106679
2023-09-14,0.0137139622878514
2023-09-15,0.0113247230796335
2023-09-16,0.0099343487857411
2023-09-17,0.0085885592404425
2023-09-18,0.0098451427656434
2023-09-19,0.0119026454731978
2023-09-20,0.0097647465893623
2023-09-21,0.0126898083394635
2023-09-22,0.0098519747641972
2023-09-23,0.0082807872171468
2023-09-24,0.0098292721090266
2023-09-25,0.0082618922257872
2023-09-26,0.007871217320166
2023-09-27,0.0080658002347072
2023-09-28,0.0116074648500678
2023-09-29,0.0097511204329746
2023-09-30,0.0083676481902362
2023-10-01,0.0129633282484674
2023-10-02,0.0127985569567911
2023-10-03,0.0105486149299462
2023-10-04,0.0115839216839543
2023-10-05,0.0122287046811765
2023-10-06,0.0137447387783248
2023-10-07,0.0106314515894659
2023-10-08,0.0088198748290501
2023-10-09,0.0106542921312934
2023-10-10,0.0098838802206711
2023-10-11,0.012846843289631
2023-10-12,0.0103203143389274
2023-10-13,0.0090299299803467
2023-10-14,0.0079061742912007
2023-10-15,0.0093264574035284
2023-10-16,0.0148357815221274
2023-10-17,0.0110676697366641
2023-10-18,0.0093159441628646
2023-10-19,0.0109020524416762
2023-10-20,0.0153998592985334
2023-10-21,0.0128925604089055
2023-10-22,0.0102001346110108
2023-10-23,0.0194129089864603
2023-10-24,0.0206453425560307
2023-10-25,0.0196491159986275
2023-10-26,0.0171085852060884
2023-10-27,0.0156769691104653
2023-10-28,0.0142700751342688
2023-10-29,0.0157222925001141
2023-10-30,0.0134566525368585
2023-10-31,0.0121641856539124
2023-11-01,0.0165266474855209
2023-11-02,0.0169150555836694
2023-11-03,0.01439964335529
2023-11-04,0.0146888254587455
2023-11-05,0.0122671273955332
2023-11-06,0.010637717171821
2023-11-07,0.0122528739790108
2023-11-08,0.0127649127668792
2023-11-09,0.016320540023804
2023-11-10,0.0171957428896996
2023-11-11,0.0157051943730096
2023-11-12,0.0127836454987159
2023-11-13,0.0144105543773157
2023-11-14,0.018104669413135
2023-11-15,0.0224649644820466
2023-11-16,0.023214161343242
2023-11-17,0.0199451578845129
2023-11-18,0.0164610100754462
2023-11-19,0.0192247284779039
2023-11-20,0.0161012091139506
2023-11-21,0.0212281684690987
2023-11-22,0.022536551121781
2023-11-23,0.018142371080737
2023-11-24,0.0172024740059935
2023-11-25,0.015145074064571
2023-11-26,0.0151352519010504
2023-11-27,0.014653890716106
2023-11-28,0.0166228212862139
2023-11-29,0.0142605512485921
2023-11-30,0.0129331449070213
2023-12-01,0.0178668178432783
2023-12-02,0.0187140750614751
2023-12-03,0.0176901276272635
2023-12-04,0.02197526097189
2023-12-05,0.023219955240743
2023-12-06,0.019225210840374
2023-12-07,0.0176956482385737
2023-12-08,0.0192921311131919
2023-12-09,0.0177123084680016
2023-12-10,0.0153705818579243
2023-12-11,0.0220032757662223
2023-12-12,0.0182707530058115
2023-12-13,0.0214693469199681
2023-12-14,0.0174588046773571
2023-12-15,0.0198948957633767
2023-12-16,0.0169611128526897
2023-12-17,0.0184173625876838
2023-12-18,0.0208042148610003
2023-12-19,0.0180639875286784
2023-12-20,0.0209825928687825
2023-12-21,0.0177006358504763
2023-12-22,0.0155125175267764
2023-12-23,0.0146766846919338
2023-12-24,0.016592040771759
2023-12-25,0.0166075628777813
2023-12-26,0.0196549704314721
2023-12-27,0.0202256503554949
2023-12-28,0.0197138318034407
2023-12-29,0.01908009154257
2023-12-30,0.0164616916442362
2023-12-31,0.0145696695711429
2024-01-01,0.0208735343254052
2024-01-02,0.0299512237864801
2024-01-03,0.0350889009832301
2024-01-04,0.0349153492725963
2024-01-05,0.0306179744109962
2024-01-06,0.0277912727790781
2024-01-07,0.0251509588098266
2024-01-08,0.0335200540179832
2024-01-09,0.0303014152783879
2024-01-10,0.0286241485991761
2024-01-11,0.0266770753627786
2024-01-12,0.0348686706963545
2024-01-13,0.0297293357120758
2024-01-14,0.0295797900845113
2024-01-15,0.0281837935540822
2024-01-16,0.0271705355011854
2024-01-17,0.025874070045408
2024-01-18,0.0280041207469385
2024-01-19,0.0256546475162621
2024-01-20,0.0240335889231343
2024-01-21,0.0227442375576787
2024-01-22,0.0272630783549962
2024-01-23,0.0241216716687457
2024-01-24,0.0230653229896337
2024-01-25,0.0218253940744698
2024-01-26,0.0262185856810158
2024-01-27,0.0233119442664915
2024-01-28,0.0219053809076114
2024-01-29,0.0238724724351114
2024-01-30,0.0219155910793511
2024-01-31,0.0210638896807207
2024-02-01,0.0204934415352583
2024-02-02,0.0194452463747602
2024-02-03,0.0186859289623517
2024-02-04,0.0184305620104157
2024-02-05,0.0175546112213724
2024-02-06,0.0176215685099191
2024-02-07,0.0193635322684949
2024-02-08,0.0199169265017759
2024-02-09,0.0222574117358523
2024-02-10,0.0205158999992505
2024-02-11,0.0195756174763961
2024-02-12,0.0222927449759583
2024-02-13,0.020231076519414
2024-02-14,0.023598556060293
2024-02-15,0.0208904767713606
2024-02-16,0.0198942963320442
2024-02-17,0.0194974310753816
2024-02-18,0.0190425688665899
2024-02-19,0.0184464621174351
2024-02-20,0.0182300389352319
2024-02-21,0.0180711907604895
2024-02-22,0.0176852127107422
2024-02-23,0.0174922165746076
2024-02-24,0.0178916799633206
2024-02-25,0.0169311361959947
2024-02-26,0.0212647816555807
2024-02-27,0.0229152588206898
2024-02-28,0.0271427505205615
2024-02-29,0.0241917022019314
2024-03-01,0.0236704635789069
2024-03-02,0.0224003673554291
2024-03-03,0.0222709682865876
2024-03-04,0.0274003330005554
2024-03-05,0.0286559078994481
2024-03-06,0.0274320587219399
2024-03-07,0.0256352569951044
2024-03-08,0.0253406665050873
2024-03-09,0.0238980664346034
2024-03-10,0.0230277904801577
2024-03-11,0.0263575935356387
2024-03-12,0.0239880839201988
2024-03-13,0.0243824895194801
2024-03-14,0.0243047888314558
2024-03-15,0.025079942389143
2024-03-16,0.0278579507276592
2024-03-17,0.0278253995925328
2024-03-18,0.0251780415450574
2024-03-19,0.0304265357688774
2024-03-20,0.0334039863044545
2024-03-21,0.0315151918628377
2024-03-22,0.0308716180535501
2024-03-23,0.0288394220488025
2024-03-24,0.0314135912865306
2024-03-25,0.0319646795250273
2024-03-26,0.028719799142411
2024-03-27,0.0275189961052365
2024-03-28,0.0276342800658047
2024-03-29,0.0262629796940896
2024-03-30,0.0246436532424051
2024-03-31,0.0252263661326728
2024-04-01,0.0249696696506584
2024-04-02,0.0294634801328979
2024-04-03,0.0259977233841685
2024-04-04,0.0276058218379545
2024-04-05,0.0253511621046321
2024-04-06,0.0251974753067607
2024-04-07,0.0236625672988717
2024-04-08,0.0256995900798273
2024-04-09,0.0269475053765163
2024-04-10,0.0258774106408843
2024-04-11,0.0242782914197476
2024-04-12,0.0271951836827802
2024-04-13,0.0278736839357681
2024-04-14,0.0261201382852915
2024-04-15,0.0275147348170255
2024-04-16,0.0252693417705981
2024-04-17,0.0275937700555914
2024-04-18,0.0279644041274633
2024-04-19,0.025513485232314
2024-04-20,0.0254296524321851
2024-04-21,0.0239741571866189
2024-04-22,0.0256063760248933
2024-04-23,0.0238633970048935
2024-04-24,0.0257705476148584
2024-04-25,0.023637409801517
2024-04-26,0.0230755226264868
2024-04-27,0.0220471779121212
2024-04-28,0.0213201673973418
2024-04-29,0.0213368984530267
2024-04-30,0.0253732549878849
2024-05-01,0.0263670018266311
2024-05-02,0.0246304904089117
2024-05-03,0.028694114347733
2024-05-04,0.0258494520595254
2024-05-05,0.0242738407355835
2024-05-06,0.0239128604131004
2024-05-07,0.0234008141323668
2024-05-08,0.0238296485174666
2024-05-09,0.025030261669
2024-05-10,0.0259276636385035
2024-05-11,0.0235715229120853
2024-05-12,0.0228744562008798
2024-05-13,0.0237372942257327
2024-05-14,0.0237193488200924
2024-05-15,0.0284840405266299
2024-05-16,0.0255265268261653
2024-05-17,0.0258529021946818
2024-05-18,0.0239858608069348
2024-05-19,0.0234218315282485
2024-05-20,0.0286553166187737
2024-05-21,0.0256106400063993
2024-05-22,0.02498931697636
2024-05-23,0.0248693435137474
2024-05-24,0.0239655179567627
2024-05-25,0.0231267679944592
2024-05-26,0.022654622633613
2024-05-27,0.022240887832087
2024-05-28,0.0219739137056541
2024-05-29,0.021308483652715
2024-05-30,0.0208632300654626
2024-05-31,0.0207761360399768
2024-06-01,0.0197876010707554
2024-06-02,0.0191014697582048
2024-06-03,0.0194938888754681
2024-06-04,0.0205586361374759
2024-06-05,0.0193096606994215
2024-06-06,0.0186888849375957
2024-06-07,0.0196907071517043
2024-06-08,0.0185437623853601
2024-06-09,0.0182021424107749
2024-06-10,0.0178621819442464
2024-06-11,0.0200111509327371
2024-06-12,0.0190084685353647
2024-06-13,0.0196835901082244
2024-06-14,0.0190579153336696
2024-06-15,0.0183289446894487
2024-06-16,0.0180903311189115
2024-06-17,0.0177023191728656
2024-06-18,0.0188782015054461
2024-06-19,0.0178590446468938
2024-06-20,0.0174082626853505
2024-06-21,0.017775261169247
2024-06-22,0.0171247535486613
2024-06-23,0.0176464286243412
2024-06-24,0.0212144639283845
2024-06-25,0.0206908517538295
2024-06-26,0.0199523577834539
2024-06-27,0.0194963957246133
2024-06-28,0.0201499014068634
2024-06-29,0.0192477486762664
2024-06-30,0.0210873628757091
2024-07-01,0.0192468115414673
2024-07-02,0.0192650963784925
2024-07-03,0.0209645468852728
2024-07-04,0.0235041622750294
2024-07-05,0.0213409166353956
2024-07-06,0.0223931784359096
2024-07-07,0.0240370517311194
2024-07-08,0.0220529051220223
2024-07-09,0.0226449894777868
2024-07-10,0.0211296968039082
2024-07-11,0.0204551262015487
2024-07-12,0.0200401940103665
2024-07-13,0.0213089444155927
2024-07-14,0.0221273150489688
2024-07-15,0.0254661391982333
2024-07-16,0.0223742813505163
2024-07-17,0.0220254031531729
2024-07-18,0.0208746148068875
2024-07-19,0.0240618795889329
2024-07-20,0.021692137487597
2024-07-21,0.0213217339668598
2024-07-22,0.020495316394338
2024-07-23,0.0216611149491646
2024-07-24,0.0203839288666001
2024-07-25,0.0196064945192292
2024-07-26,0.0218721851930024
2024-07-27,0.0198873026919888
2024-07-28,0.0191029613781351
2024-07-29,0.0199346438853525
2024-07-30,0.0192235937126715
2024-07-31,0.020213147277765
2024-08-01,0.0190851460510602
2024-08-02,0.0233729892743964
2024-08-03,0.0211576362878399
2024-08-04,0.0236052818564679
2024-08-05,0.026838926361365
2024-08-06,0.0256177849926191
2024-08-07,0.0242716422861444
2024-08-08,0.0294343950209874
2024-08-09,0.0262138897790278
2024-08-10,0.0244812719541314
2024-08-11,0.0261662156181198
2024-08-12,0.0243508509053413
2024-08-13,0.0244008066474202
2024-08-14,0.0251795452310231
2024-08-15,0.0246075025633465
2024-08-16,0.0245565349165674
2024-08-17,0.0232486883987462
2024-08-18,0.0226613959899795
2024-08-19,0.0220778747327305
2024-08-20,0.0211390054372887
2024-08-21,0.0233868132814477
2024-08-22,0.0218845420949673
2024-08-23,0.0259675416182357
2024-08-24,0.0227646398084462
2024-08-25,0.0218743868785159
2024-08-26,0.0228644080535413
2024-08-27,0.0261646223043159
2024-08-28,0.0232631520404793
2024-08-29,0.0221181978181941
2024-08-30,0.0212531773320336
2024-08-31,0.0204693542486791
2024-09-01,0.0221702393679866
2024-09-02,0.0231709588415748
2024-09-03,0.0232411986879782
2024-09-04,0.0215586266192696
2024-09-05,0.0236434089578583
2024-09-06,0.0251998315603203
2024-09-07,0.0226472649496666
2024-09-08,0.0224244489143968
2024-09-09,0.0249318594165106
2024-09-10,0.0227869838488139
2024-09-11,0.0216969189452443
2024-09-12,0.0214725071802432
2024-09-13,0.024230196545152
2024-09-14,0.022072753661818
2024-09-15,0.0218227545416885
2024-09-16,0.0216013316041549
2024-09-17,0.0235030890253252
2024-09-18,0.0224999459100996
2024-09-19,0.0233472348565298
2024-09-20,0.0215025357481859
2024-09-21,0.020625086641208
2024-09-22,0.0199144889312163
2024-09-23,0.0193299959842093
2024-09-24,0.0197466020216443
2024-09-25,0.0202266880093301
2024-09-26,0.0216589144535052
2024-09-27,0.0202160031019155
2024-09-28,0.0192425423183349
2024-09-29,0.0187307479573684
2024-09-30,0.0214342799462189
2024-10-01,0.0228551961816215
2024-10-02,0.0204333702100458
2024-10-03,0.0195543422268514
2024-10-04,0.0205193807298617
2024-10-05,0.0192310958473688
2024-10-06,0.0192660002684542
2024-10-07,0.0186868136609929
2024-10-08,0.0183019431759232
2024-10-09,0.0197514940908501
2024-10-10,0.0186117581189171
2024-10-11,0.0210808121248561
2024-10-12,0.019651514781142
2024-10-13,0.0188462674700972
2024-10-14,0.022579954311334
2024-10-15,0.0208412612689781
2024-10-16,0.0198788326840327
2024-10-17,0.0191305135461014
2024-10-18,0.0194797537437817
2024-10-19,0.0186039580254296
2024-10-20,0.0185342224685972
2024-10-21,0.0197828987488958
2024-10-22,0.0184642980442179
2024-10-23,0.0187539946622056
2024-10-24,0.0199834393424274
2024-10-25,0.0201916710895482
2024-10-26,0.0189245228357158
2024-10-27,0.0190558793785802
2024-10-28,0.0205947309969282
2024-10-29,0.0224069089107561
2024-10-30,0.0201281860445987
2024-10-31,0.0218550053335025
2024-11-01,0.0204572530143747
2024-11-02,0.019496563151898
2024-11-03,0.0191670690653056
2024-11-04,0.0192987343921032
2024-11-05,0.0201623897249709
2024-11-06,0.0252124128851117
2024-11-07,0.021592059780567
2024-11-08,0.0207571119387977
2024-11-09,0.0198925354829105
2024-11-10,0.0235917370798529
2024-11-11,0.027644687209348
2024-11-12,0.0238929481587131
2024-11-13,0.0249043118340686
2024-11-14,0.0259805895862621
2024-11-15,0.0268783449720592
2024-11-16,0.0243312788859756
2024-11-17,0.0234976143799067
2024-11-18,0.0227765185690342
2024-11-19,0.0232107073624927
2024-11-20,0.0233637981404562
2024-11-21,0.0256008460118005
2024-11-22,0.0230746108874606
2024-11-23,0.0226106845709141
2024-11-24,0.0215119437106237
2024-11-25,0.0253818099357801
2024-11-26,0.0230607767988249
2024-11-27,0.0254850271181737
2024-11-28,0.0229627717663381
2024-11-29,0.0231814725435055
2024-11-30,0.0222575737800028
2024-12-01,0.021509362778977
2024-12-02,0.0214522422550153
2024-12-03,0.0203094897019632
2024-12-04,0.0220741412349063
2024-12-05,0.022015985432451
2024-12-06,0.0234767203304169
2024-12-07,0.0212426123482682
2024-12-08,0.0210365853830733
2024-12-09,0.0235628312436776
2024-12-10,0.0214591927916877
2024-12-11,0.0246319478620312
2024-12-12,0.0224609006995625
2024-12-13,0.022018688676679
2024-12-14,0.0208306115368912
2024-12-15,0.0225535894470725
2024-12-16,0.0217862788718735
2024-12-17,0.020446377248308
2024-12-18,0.0249976779663285
2024-12-19,0.0239460751650119
2024-12-20,0.0219780226413804
2024-12-21,0.0211395339075808
2024-12-22,0.0220467085963583
2024-12-23,0.0206233012622071
2024-12-24,0.0236677140550743
2024-12-25,0.0213580647078495
2024-12-26,0.0236510511451603
2024-12-27,0.0225187828743521
2024-12-28,0.0215525821879741
2024-12-29,0.0216857932172156
2024-12-30,0.0208068957502047
2024-12-31,0.0201904801220279
2025-01-01,0.0198755566182562
2025-01-02,0.024638220844322
2025-01-03,0.0215375200241331
2025-01-04,0.0172714741178584
2025-01-05,0.0149633438624966
2025-01-06,0.0262089663495506
2025-01-07,0.0347527053637886
2025-01-08,0.0287023640227874
2025-01-09,0.0288206079960628
2025-01-10,0.0277206153808998
2025-01-11,0.0204369500833951
2025-01-12,0.016454098670258
2025-01-13,0.01447369156161
2025-01-14,0.0205647734008955
2025-01-15,0.0294374045213009
2025-01-16,0.0226391524518884
2025-01-17,0.0319916426341835
2025-01-18,0.0223369801896476
2025-01-19,0.0278874949219313
2025-01-20,0.0223986217216307
2025-01-21,0.030096583317128
2025-01-22,0.0282843210100666
2025-01-23,0.0208776517824819
2025-01-24,0.0185922848909855
2025-01-25,0.015828776833875
2025-01-26,0.020657615339033
2025-01-27,0.0181653988395256
2025-01-28,0.0172320960162173
2025-01-29,0.022604687249494
2025-01-30,0.020416883918599
2025-01-31,0.0238159795792237
2025-02-01,0.0234969693057683
2025-02-02,0.0275915699021167
2025-02-03,0.031468139564105
2025-02-04,0.0324178596990271
2025-02-05,0.0255158112219153
2025-02-06,0.0191143281031344
2025-02-07,0.015784292704495
2025-02-08,0.0141629972647897
2025-02-09,0.0133974872898453
2025-02-10,0.0156546798593891
2025-02-11,0.0198878881625851
2025-02-12,0.0235010140826792
2025-02-13,0.0218838031200792
2025-02-14,0.0196767737993948
2025-02-15,0.0164463622993477
2025-02-16,0.0190141936576778
2025-02-17,0.0168538973242851
2025-02-18,0.0151300944240748
2025-02-19,0.0171974962976986
2025-02-20,0.0205886142206319
2025-02-21,0.024014593602198
2025-02-22,0.0194539378365706
2025-02-23,0.0164992343912396
2025-02-24,0.0307971833199749
2025-02-25,0.0304785093878829
2025-02-26,0.0361394747231703
2025-02-27,0.0245061075679145
2025-02-28,0.018773201394489
2025-03-01,0.0219161096645913
2025-03-02,0.0409153298015972
2025-03-03,0.0476464673690863
2025-03-04,0.0313548455466294
2025-03-05,0.0331919676226377
2025-03-06,0.0239817095210991
2025-03-07,0.0298138359935265
2025-03-08,0.0225077475518483
2025-03-09,0.0313167072670233
